film_id,title,category,total_copies,total_rentals,total_revenue,avg_rental_rate,turnover_rate
492,Jungle Closer,New,2,13,23.880000000000003,0.99,6.5
393,Halloween Nuts,Documentary,2,10,29.92,2.99,5.0
368,Gone Trouble,Drama,2,10,29.92,2.99,5.0
28,Anthem Luke,Comedy,3,15,63.89,4.99,5.0
792,Shrek License,Foreign,3,15,37.88,2.99,5.0
29,Antitrust Tomatoes,Action,2,10,27.93,2.99,5.0
422,Hollow Jeopardy,Sci-Fi,2,10,39.92,4.99,5.0
872,Sweet Brotherhood,Travel,3,15,58.89,2.99,5.0
613,Mystic Truman,Comedy,2,10,17.92,0.99,5.0
82,Blood Argonauts,Family,2,10,30.93,0.99,5.0
279,Elizabeth Shane,Sports,2,10,36.93,4.99,5.0
539,Luck Opus,Drama,2,10,21.93,2.99,5.0
543,Madigan Dorado,Travel,2,10,48.92,4.99,5.0
522,Life Twisted,Comedy,2,10,37.92,2.99,5.0
535,Love Suicides,Horror,4,20,22.85,0.99,5.0
375,Grail Frankenstein,Action,2,10,40.92,2.99,5.0
442,Hunting Musketeers,Family,3,15,40.88,2.99,5.0
770,Scissorhands Slums,Foreign,3,15,42.88,2.99,5.0
775,Seattle Expecations,Drama,5,24,125.8,4.99,4.8
48,Backlash Undefeated,Children,4,19,140.84,4.99,4.75
396,Hanging Deep,Drama,4,19,92.85,4.99,4.75
426,Home Pity,Music,3,14,66.88,4.99,4.67
756,Saddle Antitrust,Comedy,3,14,32.89,2.99,4.67
493,Kane Exorcist,Foreign,3,14,13.879999999999999,0.9899999999999999,4.67
277,Elephant Trojan,Horror,3,14,64.9,4.99,4.67
395,Handicap Boondock,Action,6,28,50.760000000000005,0.9899999999999999,4.67
968,Werewolf Lola,Action,3,14,68.88,4.99,4.67
646,Outbreak Divine,Games,5,23,31.82,0.99,4.6
271,Easy Gladiator,Action,5,23,132.8,4.99,4.6
961,Wash Heavenly,Foreign,5,23,104.80000000000001,4.99,4.6
8,Airport Pollock,Horror,4,18,86.85,4.99,4.5
435,Hotel Happiness,Foreign,2,9,41.92,4.99,4.5
474,Jade Bunch,Sports,4,18,53.85,2.99,4.5
998,Zhivago Core,Horror,2,9,10.93,0.99,4.5
425,Holy Tadpole,Classics,2,9,17.92,0.99,4.5
984,Wonderful Drop,Foreign,2,9,46.92,2.99,4.5
688,Polish Brooklyn,Children,4,18,18.85,0.99,4.5
454,Impact Aladdin,Music,2,9,18.92,0.99,4.5
958,Wardrobe Phantom,Drama,6,27,80.77000000000001,2.99,4.5
466,Intolerable Intentions,Documentary,2,9,39.93,4.99,4.5
355,Ghostbusters Elf,Animation,2,9,8.93,0.99,4.5
685,Platoon Instinct,New,2,9,40.92,4.99,4.5
230,Diary Panic,Drama,2,9,24.92,2.99,4.5
264,Dwarfs Alter,Games,2,9,28.92,2.99,4.5
582,Miracle Virtual,Animation,2,9,41.92,2.99,4.5
603,Movie Shakespeare,Family,6,27,125.78,4.99,4.5
515,Legally Secretary,Children,2,9,39.92,4.99,4.5
565,Matrix Snowman,Foreign,2,9,40.92,4.99,4.5
499,King Evolution,Family,2,9,59.92,4.99,4.5
826,Speed Suit,Travel,2,9,44.92,4.99,4.5
211,Darling Breaking,Games,2,9,44.92,4.99,4.5
971,Whale Bikini,Foreign,4,18,113.85,4.99,4.5
30,Anything Savannah,Horror,2,9,43.92,2.99,4.5
721,Reds Pocus,Music,2,9,47.92,4.99,4.5
891,Timberland Sky,Classics,7,31,102.74000000000001,0.99,4.43
735,Robbers Joon,Children,7,31,85.74000000000001,2.9899999999999998,4.43
26,Annie Identity,Sci-Fi,5,22,50.81,0.99,4.4
142,Chicken Hellfighters,Documentary,5,22,58.81,0.99,4.4
898,Tourist Pelican,Sports,5,22,126.81,4.99,4.4
54,Banger Pinocchio,Music,5,22,40.800000000000004,0.99,4.4
59,Bear Graceland,Children,5,22,93.81,2.99,4.4
487,Jingle Sagebrush,Classics,3,13,59.89,4.99,4.33
445,Hyde Doctor,Classics,6,26,95.76,2.99,4.33
938,Velvet Terminator,Comedy,6,26,152.77,4.99,4.33
307,Fellowship Autumn,Travel,6,26,137.76,4.99,4.33
639,Opposite Necklace,Family,3,13,56.89,4.99,4.33
617,Natural Stock,Family,3,13,31.880000000000003,0.9899999999999999,4.33
290,Everyone Craft,Foreign,3,13,22.89,0.9899999999999999,4.33
604,Mulan Moon,Comedy,3,13,30.89,0.9899999999999999,4.33
577,Mile Mulan,Sports,3,13,33.89,0.9899999999999999,4.33
540,Lucky Flying,Music,3,13,32.900000000000006,2.99,4.33
303,Fantasy Troopers,Action,6,26,35.79,0.9899999999999999,4.33
96,Breaking Home,New,3,13,41.900000000000006,2.99,4.33
145,Chisum Behavior,Family,3,13,50.900000000000006,4.99,4.33
177,Connecticut Tramp,Sci-Fi,3,13,75.89,4.99,4.33
101,Brotherhood Blanket,Documentary,6,26,98.77000000000001,0.9899999999999999,4.33
202,Daddy Pittsburgh,Comedy,3,13,63.89,4.99,4.33
98,Bright Encounters,Drama,3,13,87.88,4.99,4.33
134,Champion Flatliners,Animation,3,13,62.9,4.99,4.33
838,Stagecoach Armageddon,Action,6,26,138.77,4.99,4.33
994,Wyoming Storm,New,3,13,61.89,4.99,4.33
979,Witches Panic,Drama,7,30,146.75,4.99,4.29
869,Suspects Quills,Action,7,30,118.73,2.9899999999999998,4.29
563,Massacre Usual,Games,7,30,149.75,4.99,4.29
285,English Bulworth,Sci-Fi,7,30,99.74000000000001,0.99,4.29
450,Idols Snatchers,Children,7,30,88.76,2.9899999999999998,4.29
374,Graffiti Love,Sci-Fi,7,30,67.74000000000001,0.99,4.29
333,Freaky Pocus,Music,4,17,43.86,2.99,4.25
717,Rear Trading,Action,4,17,27.85,0.99,4.25
103,Bucket Brotherhood,Travel,8,34,150.72,4.99,4.25
561,Mask Peach,New,4,17,49.86,2.99,4.25
58,Beach Heartbreakers,Documentary,4,17,55.86,2.99,4.25
265,Dying Maker,Comedy,4,17,83.85000000000001,4.99,4.25
552,Majestic Floats,Documentary,4,17,36.85,0.99,4.25
878,Teen Apollo,Travel,4,17,109.86,4.99,4.25
169,Comforts Rush,Travel,4,17,69.85,2.99,4.25
510,Lawless Vision,Animation,4,17,76.86,4.99,4.25
70,Bikini Borrowers,Animation,4,17,79.86,4.99,4.25
348,Gandhi Kwai,Family,4,17,16.87,0.99,4.25
626,Noon Papi,Children,4,17,60.85,2.99,4.25
398,Hanover Galaxy,Music,4,17,81.86,4.99,4.25
299,Factory Dragon,Travel,4,17,30.85,0.99,4.25
308,Ferris Mother,Comedy,4,17,70.85000000000001,2.99,4.25
854,Strangers Graffiti,Horror,4,17,104.86,4.99,4.25
776,Secret Groundhog,Documentary,5,21,105.81,4.99,4.2
807,Sleuth Orient,Games,5,21,48.81,0.99,4.2
806,Sleepy Japanese,New,5,21,76.83,2.99,4.2
242,Doom Dancing,Comedy,5,21,58.83,0.99,4.2
727,Resurrection Silverado,Family,5,21,24.810000000000002,0.99,4.2
920,Unbreakable Karate,New,5,21,76.81,0.99,4.2
164,Coast Rainbow,Documentary,5,21,37.82,0.99,4.2
354,Ghost Groundhog,Children,5,21,107.81,4.99,4.2
83,Blues Instinct,Family,5,21,75.82000000000001,2.99,4.2
602,Mourning Purple,Sci-Fi,5,21,39.81,0.99,4.2
637,Open African,Sci-Fi,5,21,103.81,4.99,4.2
138,Chariots Conspiracy,Sci-Fi,5,21,65.81,2.99,4.2
23,Anaconda Confessions,Animation,5,21,51.82000000000001,0.99,4.2
55,Barbarella Streetcar,Sci-Fi,6,25,84.78,2.99,4.17
387,Gun Bonnie,Games,6,25,30.790000000000003,0.9899999999999999,4.17
571,Metal Armageddon,Documentary,6,25,88.79,2.99,4.17
545,Madness Attacks,Foreign,6,25,65.77000000000001,0.9899999999999999,4.17
791,Show Lord,Documentary,6,25,145.78,4.99,4.17
288,Escape Metropolis,Travel,6,25,74.77000000000001,2.99,4.17
417,Hills Neighbors,Action,6,25,58.79,0.9899999999999999,4.17
989,Working Microcosmos,Travel,6,25,144.78,4.99,4.17
309,Feud Frogmen,Family,6,25,31.8,0.9899999999999999,4.17
284,Enemy Odds,Music,7,29,159.75,4.99,4.14
875,Talented Homicide,Sports,7,29,34.76,0.99,4.14
941,Videotape Arsenic,Games,7,29,148.76,4.99,4.14
738,Rocketeer Mother,Foreign,8,33,97.72,0.99,4.12
111,Caddyshack Jedi,Action,4,16,46.86,0.99,4.0
817,Soldiers Evolution,Sci-Fi,2,8,36.93,4.99,4.0
140,Cheaper Clyde,Sci-Fi,5,20,30.83,0.99,4.0
855,Streak Ridgemont,Documentary,4,16,17.87,0.99,4.0
850,Story Side,Action,7,28,35.74,0.99,4.0
52,Ballroom Mockingbird,Foreign,2,8,9.93,0.99,4.0
462,Insider Arizona,Music,5,20,61.830000000000005,2.99,4.0
465,Interview Liaisons,New,5,20,110.82000000000001,4.99,4.0
131,Center Dinosaur,Classics,6,24,121.79,4.99,4.0
822,Soup Wisdom,Family,2,8,11.930000000000001,0.99,4.0
130,Celebrity Horn,Action,6,24,28.79,0.9899999999999999,4.0
382,Grit Clockwork,Games,8,32,97.72,0.99,4.0
388,Gunfight Moon,Comedy,6,24,46.79,0.9899999999999999,4.0
47,Baby Hall,Foreign,2,8,40.93,4.99,4.0
45,Attraction Newton,New,6,24,133.78,4.99,4.0
5,African Egg,Family,3,12,47.89,2.99,4.0
42,Artist Coldblooded,Sports,4,16,59.86,2.99,4.0
825,Speakeasy Date,Action,3,12,41.89,2.99,4.0
489,Juggler Hardly,Animation,8,32,86.71000000000001,0.99,4.0
865,Sunrise League,Animation,6,24,155.78,4.99,4.0
491,Jumping Wrath,Children,6,24,67.79,0.9899999999999999,4.0
990,World Leathernecks,Horror,2,8,24.92,0.99,4.0
413,Hedwig Alter,Comedy,3,12,31.900000000000002,2.99,4.0
433,Horn Working,Animation,6,24,109.77000000000001,2.99,4.0
600,Motions Details,Horror,4,16,25.87,0.99,4.0
650,Pacific Amistad,Documentary,6,24,43.81,0.9899999999999999,4.0
866,Sunset Racer,Family,2,8,11.930000000000001,0.99,4.0
480,Jeepers Wedding,Classics,4,16,70.87,2.99,4.0
490,Jumanji Blade,New,2,8,30.92,2.99,4.0
977,Window Side,Travel,3,12,50.89,2.99,4.0
728,Reunion Witches,Drama,5,20,50.82,0.99,4.0
527,Lola Agent,Horror,6,24,154.77,4.99,4.0
708,Quills Bull,Documentary,4,16,77.87,4.99,4.0
931,Valentine Vanishing,Travel,3,12,12.9,0.9899999999999999,4.0
751,Runaway Tenenbaums,New,2,8,11.93,0.99,4.0
159,Closer Bang,Comedy,7,28,152.76,4.99,4.0
166,Color Philadelphia,Classics,6,24,87.78,2.99,4.0
538,Loverboy Attacks,New,3,12,16.89,0.9899999999999999,4.0
703,Punk Divorce,Animation,2,8,41.93,4.99,4.0
719,Records Zorro,Sports,2,8,38.93,4.99,4.0
730,Ridgemont Submarine,New,8,32,110.72,0.99,4.0
749,Rules Human,Horror,4,16,78.87,4.99,4.0
805,Sleepless Monsoon,Animation,5,20,103.83,4.99,4.0
933,Vampire Whale,New,3,12,69.89,4.99,4.0
501,Kissing Dolls,Action,5,20,120.83,4.99,4.0
741,Roman Punk,Music,6,24,25.79,0.9899999999999999,4.0
928,Uptown Young,Children,3,12,29.900000000000002,2.99,4.0
926,Untouchables Sunrise,Documentary,2,8,28.93,2.99,4.0
927,Uprising Uptown,Action,4,16,45.870000000000005,2.99,4.0
809,Slipper Fidelity,Sports,4,16,24.86,0.99,4.0
766,Savannah Town,Drama,3,12,22.900000000000002,0.9899999999999999,4.0
767,Scalawag Duck,Music,8,32,157.71,4.99,4.0
496,Kick Savannah,Travel,5,20,48.83,0.99,4.0
969,West Lion,Drama,4,16,92.86,4.99,4.0
966,Wedding Apollo,Documentary,6,24,71.79,0.9899999999999999,4.0
427,Homeward Cider,Documentary,4,16,23.840000000000003,0.99,4.0
40,Army Flintstones,Documentary,4,16,36.86,0.99,4.0
951,Voyage Legally,Classics,7,28,42.75,0.99,4.0
656,Papi Necklace,Travel,2,8,27.93,0.99,4.0
581,Minority Kiss,Music,3,12,27.89,0.9899999999999999,4.0
548,Magnificent Chitty,Classics,2,8,54.92,2.99,4.0
179,Conquerer Nuts,Drama,4,16,84.87,4.99,4.0
186,Craft Outfield,Drama,4,16,18.86,0.99,4.0
876,Tarzan Videotape,Horror,2,8,40.92,2.99,4.0
718,Rebel Airport,Music,2,8,6.93,0.99,4.0
197,Crusade Honey,Sports,2,8,44.93,2.99,4.0
93,Brannigan Sunrise,New,3,12,56.91,4.99,4.0
533,Lost Bird,Foreign,3,12,50.900000000000006,2.99,4.0
551,Maiden Home,New,6,24,152.78,4.99,4.0
526,Lock Rear,Travel,4,16,42.86,2.99,4.0
331,Forward Temple,Games,8,32,102.74000000000001,2.99,4.0
523,Lights Deer,Classics,2,8,7.93,0.99,4.0
203,Daisy Menagerie,Sci-Fi,4,16,85.86,4.99,4.0
649,Oz Liaisons,Animation,6,24,87.78,2.99,4.0
260,Dude Blindness,Sports,4,16,90.87,4.99,4.0
564,Massage Image,Animation,3,12,56.89,2.99,4.0
315,Finding Anaconda,Family,3,12,26.9,0.9899999999999999,4.0
223,Desire Alien,Animation,2,8,25.92,2.99,4.0
686,Pluto Oleander,New,4,16,73.87,4.99,4.0
682,Pittsburgh Hunchback,Family,3,12,83.89,4.99,4.0
679,Pilot Hoosiers,Family,4,16,51.86,2.99,4.0
566,Maude Mod,Foreign,2,8,10.93,0.99,4.0
659,Park Citizen,Action,2,8,48.94,4.99,4.0
668,Peak Forever,Sports,5,20,94.82000000000001,4.99,4.0
678,Pickup Driving,Sports,4,16,93.85,2.99,4.0
401,Harold French,Drama,2,8,8.93,0.99,4.0
305,Fatal Haunted,New,7,28,92.77000000000001,2.9899999999999998,4.0
253,Drifter Commandments,Action,6,24,131.78,4.99,4.0
578,Million Ace,Classics,5,20,103.83000000000001,4.99,4.0
304,Fargo Gandhi,Children,6,24,94.79,2.99,4.0
956,Wanda Chamber,Games,4,16,76.86,4.99,4.0
987,Words Hunter,Music,4,16,73.86,2.99,4.0
85,Bonnie Holocaust,Documentary,4,16,31.85,0.99,4.0
576,Mighty Luck,Documentary,3,12,31.900000000000002,2.99,4.0
908,Trap Guys,Foreign,4,16,119.85,4.99,4.0
628,Northwest Polish,Sports,5,20,77.82000000000001,2.99,4.0
906,Tramp Others,Comedy,5,20,40.82,0.99,4.0
1000,Zorro Ark,Comedy,8,31,199.72,4.99,3.88
418,Hobbit Alien,Drama,8,31,68.74000000000001,0.99,3.88
31,Apache Divine,Family,8,31,160.72,4.99,3.88
973,Wife Turn,Documentary,8,31,198.73,4.99,3.88
369,Goodfellas Salute,Sci-Fi,8,31,164.75,4.99,3.88
753,Rush Goodfellas,Family,8,31,81.72,0.99,3.88
621,Network Peak,Family,8,31,116.73,2.99,3.88
135,Chance Resurrection,Sports,7,27,124.76,2.9899999999999998,3.86
367,Goldmine Tycoon,Sci-Fi,7,27,43.760000000000005,0.99,3.86
114,Camelot Vacation,Sci-Fi,7,27,93.76,0.99,3.86
349,Gangs Pride,Animation,7,27,95.78,2.9899999999999998,3.86
521,Lies Treatment,Drama,7,27,131.76,4.99,3.86
879,Telegraph Voyage,Music,7,27,215.75,4.99,3.86
715,Range Moonwalker,Family,7,27,158.76999999999998,4.99,3.86
330,Forrester Comancheros,Animation,7,27,141.74,4.99,3.86
698,Princess Giant,Documentary,7,27,121.77000000000001,2.9899999999999998,3.86
78,Blackout Private,Animation,7,27,78.77000000000001,2.9899999999999998,3.86
244,Dorado Notting,Music,7,27,140.78,4.99,3.86
228,Detective Vision,Classics,7,27,62.760000000000005,0.99,3.86
625,None Spiking,Sci-Fi,7,27,79.75,0.99,3.86
437,House Dynamite,Family,6,23,65.80000000000001,2.99,3.83
976,Wind Phantom,Games,6,23,33.79,0.9899999999999999,3.83
327,Fool Mockingbird,Action,6,23,162.79000000000002,4.99,3.83
759,Salute Apollo,New,6,23,95.80000000000001,2.99,3.83
353,Gentlemen Stage,Foreign,6,23,70.80000000000001,2.99,3.83
191,Crooked Frogmen,Children,6,23,38.790000000000006,0.9899999999999999,3.83
117,Candles Grapes,Games,6,23,111.80000000000001,4.99,3.83
504,Kwai Homeward,Drama,6,23,42.8,0.9899999999999999,3.83
494,Karate Moon,Horror,6,23,51.800000000000004,0.9899999999999999,3.83
995,Yentl Idaho,Horror,6,23,122.78999999999999,4.99,3.83
51,Balloon Homeward,Music,6,23,91.78,2.99,3.83
645,Others Soup,Travel,6,23,70.80000000000001,2.99,3.83
676,Philadelphia Wife,Sports,6,23,107.8,4.99,3.83
915,Truman Crazy,Action,6,23,104.80000000000001,4.99,3.83
608,Murder Antitrust,Children,6,23,78.79,2.99,3.83
914,Trouble Date,Travel,6,23,70.81,2.99,3.83
614,Name Detective,Games,6,23,131.78,4.99,3.83
334,Freddy Storm,Horror,6,23,115.79,4.99,3.83
747,Roxanne Rebel,Games,5,19,29.830000000000002,0.99,3.8
160,Club Graffiti,Animation,5,19,38.82,0.99,3.8
345,Gables Metropolis,Family,5,19,47.83,0.99,3.8
344,Fury Murder,Children,5,19,58.830000000000005,0.99,3.8
818,Something Duck,Drama,5,19,120.82,4.99,3.8
610,Music Boondock,Family,5,19,20.83,0.99,3.8
158,Clones Pinocchio,Music,5,19,59.830000000000005,2.99,3.8
298,Eyes Driving,Sci-Fi,5,19,68.84,2.99,3.8
560,Mars Roman,Games,5,19,30.83,0.99,3.8
663,Patient Sister,Classics,5,19,21.82,0.99,3.8
227,Details Packer,Games,5,19,128.82,4.99,3.8
479,Jedi Beneath,Family,5,19,20.82,0.99,3.8
370,Gorgeous Bingo,Children,5,19,94.83,2.99,3.8
451,Igby Maker,Travel,5,19,89.83,4.99,3.8
631,Novocaine Flight,Sports,5,19,49.82,0.99,3.8
830,Spirit Flintstones,Horror,4,15,14.860000000000001,0.99,3.75
858,Submarine Bed,Comedy,4,15,78.87,4.99,3.75
505,Labyrinth League,Children,4,15,41.870000000000005,2.99,3.75
788,Ship Wonderland,Documentary,4,15,44.86,2.99,3.75
844,Steers Armageddon,Sports,4,15,85.85,4.99,3.75
732,Rings Heartbreakers,Action,4,15,31.87,0.99,3.75
152,Circus Youth,Children,4,15,53.86,2.99,3.75
789,Shock Cabin,Foreign,8,30,96.71000000000001,2.99,3.75
421,Holiday Games,Foreign,4,15,82.85,4.99,3.75
452,Illusion Amelie,Foreign,4,15,34.870000000000005,0.99,3.75
403,Harry Idaho,Drama,8,30,177.73,4.99,3.75
446,Hysterical Grail,Sports,4,15,87.85,4.99,3.75
962,Wasteland Divine,Classics,4,15,40.88,2.99,3.75
272,Edge Kissing,Drama,4,15,79.87,4.99,3.75
615,Nash Chocolat,Animation,4,15,58.870000000000005,2.99,3.75
634,Odds Boogie,Family,4,15,19.87,0.99,3.75
896,Tootsie Pilot,Children,4,15,28.88,0.99,3.75
702,Pulp Beverly,Horror,8,30,121.74000000000001,2.99,3.75
341,Frost Head,Classics,8,30,74.72,0.99,3.75
748,Rugrats Shakespeare,Action,8,30,67.72,0.99,3.75
942,Vietnam Smoochy,Drama,4,15,21.86,0.99,3.75
795,Siege Madre,Family,4,15,16.86,0.99,3.75
532,Loser Hustler,Sports,4,15,83.86,4.99,3.75
544,Madison Trap,Documentary,4,15,64.87,2.99,3.75
109,Butterfly Chocolat,New,8,30,108.74000000000001,0.99,3.75
110,Cabin Flash,Children,4,15,39.86,0.99,3.75
137,Charade Duffel,Sci-Fi,4,15,66.87,2.99,3.75
127,Cat Coneheads,Comedy,8,30,159.73,4.99,3.75
932,Valley Packer,Comedy,4,15,49.88,0.99,3.75
68,Betrayed Rear,Children,4,15,79.87,4.99,3.75
598,Mosquito Armageddon,Sports,4,15,16.89,0.99,3.75
592,Monster Spartacus,Music,4,15,48.86,2.99,3.75
229,Devil Desire,Action,4,15,78.86,4.99,3.75
654,Panky Submarine,Games,4,15,86.88,4.99,3.75
236,Divine Resurrection,Games,4,15,64.85,2.99,3.75
239,Dogma Family,Animation,8,30,168.72,4.99,3.75
84,Boiled Dares,Travel,4,15,66.87,4.99,3.75
201,Cyclone Family,Foreign,4,15,43.870000000000005,2.99,3.75
287,Entrapment Satisfaction,Action,4,15,42.870000000000005,0.99,3.75
589,Modern Dorado,Documentary,4,15,42.88,0.99,3.75
559,Married Go,Sci-Fi,8,30,84.74000000000001,2.99,3.75
529,Lonely Elephant,Comedy,4,15,65.87,2.99,3.75
907,Translation Summer,Drama,4,15,25.87,0.99,3.75
609,Muscle Bright,Travel,8,30,86.73,2.99,3.75
588,Model Fish,Children,4,15,76.87,4.99,3.75
618,Necklace Outbreak,Drama,4,15,36.86,0.99,3.75
397,Hanky October,Sci-Fi,7,26,104.77000000000001,2.9899999999999998,3.71
970,Westward Seabiscuit,Classics,7,26,36.75,0.99,3.71
687,Pocus Pulp,Documentary,7,26,40.75,0.99,3.71
670,Pelican Comforts,Documentary,7,26,165.77,4.99,3.71
554,Malkovich Pet,Classics,7,26,75.77000000000001,2.9899999999999998,3.71
890,Tights Dawn,Sports,7,26,54.760000000000005,0.99,3.71
234,Disturbing Scarface,Sci-Fi,7,26,77.77000000000001,2.9899999999999998,3.71
263,Durham Panky,Sports,7,26,132.76,4.99,3.71
12,Alaska Phantom,Music,7,26,37.77,0.99,3.71
391,Half Outfield,Family,7,26,73.79,2.9899999999999998,3.71
181,Contact Anonymous,Travel,7,26,78.76,2.9899999999999998,3.71
167,Coma Head,Travel,7,26,122.77000000000001,4.99,3.71
901,Tracy Cider,Animation,7,26,78.76,0.99,3.71
471,Island Exorcist,Classics,7,26,76.77000000000001,2.9899999999999998,3.71
415,High Encino,Horror,6,22,117.79,2.99,3.67
428,Homicide Peach,Family,6,22,59.82000000000001,2.99,3.67
21,American Circus,Action,6,22,146.81,4.99,3.67
406,Haunting Pianist,Games,6,22,47.800000000000004,0.9899999999999999,3.67
267,Eagles Panky,New,6,22,134.81,4.99,3.67
18,Alter Victory,Animation,6,22,30.8,0.9899999999999999,3.67
252,Dream Pickup,Action,6,22,73.80000000000001,2.99,3.67
587,Mod Secretary,Documentary,3,11,48.910000000000004,4.99,3.67
89,Borrowers Bedazzled,Animation,6,22,25.8,0.9899999999999999,3.67
905,Trainspotting Strangers,Comedy,3,11,46.91,4.99,3.67
79,Blade Polish,Drama,6,22,29.810000000000002,0.9899999999999999,3.67
283,Ending Crowds,New,3,11,17.900000000000002,0.9899999999999999,3.67
627,North Tequila,Documentary,3,11,51.910000000000004,4.99,3.67
633,October Submarine,Classics,3,11,57.900000000000006,4.99,3.67
575,Midsummer Groundhog,Documentary,6,22,129.82,4.99,3.67
257,Drumline Cyclone,Travel,3,11,36.900000000000006,0.9899999999999999,3.67
651,Packer Madigan,Animation,6,22,58.8,0.9899999999999999,3.67
640,Opus Ice,Foreign,3,11,60.900000000000006,4.99,3.67
692,Potluck Mixed,Animation,3,11,43.9,2.99,3.67
75,Bird Independence,Travel,3,11,53.91,4.99,3.67
889,Ties Hunger,Children,3,11,69.91,4.99,3.67
104,Bugsy Song,Foreign,3,11,45.91,2.99,3.67
706,Queen Luke,Drama,6,22,128.79,4.99,3.67
899,Towers Hurricane,Classics,3,11,10.91,0.9899999999999999,3.67
314,Fight Jawbreaker,Animation,6,22,53.800000000000004,0.9899999999999999,3.67
322,Flatliners Killer,Sports,6,22,74.81,2.99,3.67
530,Lord Arizona,Action,3,11,39.900000000000006,2.99,3.67
700,Prix Undefeated,Family,3,11,37.900000000000006,2.99,3.67
300,Falcon Volume,Animation,6,22,106.81,4.99,3.67
306,Feathers Metal,Games,3,11,31.91,0.9899999999999999,3.67
210,Darko Dorado,Action,3,11,72.9,4.99,3.67
176,Congeniality Quest,Sports,6,22,31.810000000000002,0.9899999999999999,3.67
949,Volcano Texas,Games,6,22,32.81,0.9899999999999999,3.67
187,Cranes Reservoir,Sports,3,11,33.910000000000004,2.99,3.67
761,Santa Paris,Children,3,11,29.900000000000002,2.99,3.67
518,Liaisons Sweet,Travel,6,22,126.79,4.99,3.67
61,Beauty Grease,Drama,6,22,125.79,4.99,3.67
64,Beethoven Exorcist,Drama,3,11,16.89,0.9899999999999999,3.67
800,Sinners Atlantis,Horror,6,22,60.81,2.99,3.67
509,Language Cowboy,Children,3,11,18.9,0.9899999999999999,3.67
60,Beast Hunchback,Classics,3,11,69.9,4.99,3.67
853,Stranger Strangers,Children,3,11,65.9,4.99,3.67
782,Shakespeare Saddle,Sports,6,22,76.80000000000001,2.99,3.67
772,Sea Virgin,Drama,6,22,84.81,2.99,3.67
848,Stone Fire,Travel,3,11,32.900000000000006,0.9899999999999999,3.67
831,Spirited Casualties,Sci-Fi,3,11,18.9,0.9899999999999999,3.67
819,Song Hedwig,Music,3,11,31.900000000000002,0.9899999999999999,3.67
469,Iron Moon,Classics,3,11,50.9,4.99,3.67
46,Autumn Crow,Games,3,11,74.9,4.99,3.67
25,Angels Life,New,6,22,103.80000000000001,2.99,3.67
15,Alien Center,Foreign,6,22,84.8,2.99,3.67
972,Whisperer Giant,Sci-Fi,6,22,141.8,4.99,3.67
849,Storm Happiness,Animation,8,29,42.74,0.99,3.62
595,Moon Bunch,Foreign,8,29,35.74,0.99,3.62
301,Family Sweet,Horror,8,29,60.73,0.99,3.62
73,Bingo Talented,Sci-Fi,8,29,119.75,2.99,3.62
945,Virginian Pluto,Documentary,8,29,47.75000000000001,0.99,3.62
361,Gleaming Jawbreaker,Sports,8,29,125.72,2.99,3.62
220,Deer Virginian,Music,8,29,78.76,2.99,3.62
893,Titans Jerk,Sci-Fi,8,29,186.73000000000002,4.99,3.62
873,Sweethearts Suspects,Children,8,29,93.73,0.99,3.62
174,Confidential Interview,Music,8,29,136.76,4.99,3.62
378,Greatest North,Music,8,29,103.73,2.99,3.62
86,Boogie Amelie,Music,8,29,140.74,4.99,3.62
383,Groove Fiction,Sports,5,18,40.830000000000005,0.99,3.6
871,Sweden Shining,Comedy,5,18,101.83,4.99,3.6
746,Rouge Squad,Games,5,18,51.84,0.99,3.6
155,Cleopatra Devil,New,5,18,27.85,0.99,3.6
212,Darn Forrester,Action,5,18,87.83,4.99,3.6
432,Hope Tootsie,Classics,5,18,72.83000000000001,2.99,3.6
967,Weekend Personal,Sci-Fi,5,18,71.83000000000001,2.99,3.6
463,Instinct Airport,Sports,5,18,69.83,2.99,3.6
473,Jacket Frisco,Drama,5,18,71.84,2.99,3.6
410,Heaven Freedom,Comedy,5,18,49.85,2.99,3.6
184,Core Suit,Classics,5,18,92.84,2.99,3.6
286,Enough Raging,Travel,5,18,51.84,2.99,3.6
251,Dragonfly Strangers,New,5,18,80.86,4.99,3.6
254,Driver Annie,Sports,5,18,62.84,2.99,3.6
583,Mission Zoolander,Animation,5,18,110.84,4.99,3.6
385,Groundhog Uncut,Comedy,5,18,78.86,4.99,3.6
924,Unforgiven Zoolander,Sci-Fi,5,18,22.84,0.99,3.6
56,Barefoot Manchurian,Action,5,18,59.830000000000005,2.99,3.6
294,Expecations Natural,Travel,5,18,101.83000000000001,4.99,3.6
247,Downhill Enough,Comedy,7,25,72.79,0.99,3.57
555,Mallrats United,Comedy,7,25,70.78,0.99,3.57
644,Oscar Gold,Animation,7,25,83.75,2.9899999999999998,3.57
624,Nightmare Chill,Games,7,25,148.79,4.99,3.57
319,Fish Opus,Sci-Fi,7,25,94.78,2.9899999999999998,3.57
786,Shepherd Midsummer,Children,7,25,28.77,0.99,3.57
162,Clueless Bucket,Action,7,25,105.77000000000001,2.9899999999999998,3.57
172,Coneheads Smoochy,Drama,7,25,131.76,4.99,3.57
863,Sun Confessions,Sci-Fi,7,25,50.77,0.99,3.57
895,Tomorrow Hustler,Classics,7,25,101.76,2.9899999999999998,3.57
154,Clash Freddy,Animation,7,25,77.77000000000001,2.9899999999999998,3.57
760,Samurai Lion,New,7,25,101.76,2.9899999999999998,3.57
902,Trading Pinocchio,Sports,7,25,133.77,4.99,3.57
245,Double Wrath,Animation,7,25,56.79,0.99,3.57
273,Effect Gladiator,Family,7,25,40.790000000000006,0.99,3.57
16,Alley Evolution,Foreign,4,14,46.870000000000005,2.99,3.5
996,Young Language,Documentary,2,7,6.93,0.99,3.5
832,Splash Gump,Family,4,14,33.86,0.99,3.5
992,Wrath Mile,Documentary,4,14,22.87,0.99,3.5
411,Heavenly Gun,Music,2,7,32.94,4.99,3.5
132,Chainsaw Uptown,Sci-Fi,6,21,31.810000000000002,0.9899999999999999,3.5
129,Cause Date,Documentary,6,21,114.81,2.99,3.5
847,Stock Glass,New,4,14,42.870000000000005,2.99,3.5
793,Shrunk Divine,Action,4,14,46.870000000000005,2.99,3.5
839,Stallion Sundance,Sci-Fi,2,7,7.9399999999999995,0.99,3.5
416,Highball Potter,Foreign,6,21,27.810000000000002,0.9899999999999999,3.5
840,Stampede Disturbing,Games,4,14,32.86,0.99,3.5
377,Grease Youth,Family,6,21,27.8,0.9899999999999999,3.5
313,Fidelity Devil,Horror,6,21,117.82,4.99,3.5
292,Excitement Eve,Action,6,21,61.800000000000004,0.9899999999999999,3.5
541,Luke Mummy,Animation,2,7,28.93,2.99,3.5
596,Moonshine Cabin,Games,6,21,131.8,4.99,3.5
629,Notorious Reunion,Documentary,4,14,24.87,0.99,3.5
470,Ishtar Rocketeer,Animation,2,7,42.94,4.99,3.5
394,Hamlet Wisdom,Sci-Fi,4,14,39.88,2.99,3.5
407,Hawk Chill,Documentary,2,7,12.940000000000001,0.99,3.5
764,Saturday Lambs,Sports,8,28,190.74,4.99,3.5
783,Shane Darkness,Travel,4,14,52.870000000000005,2.99,3.5
358,Gilmore Boiled,Classics,8,28,52.76,0.99,3.5
356,Giant Troopers,Children,8,28,100.74000000000001,2.99,3.5
947,Vision Torque,Foreign,2,7,11.940000000000001,0.99,3.5
347,Games Bowfinger,Travel,4,14,62.88,4.99,3.5
190,Creepers Kane,Classics,4,14,77.87,4.99,3.5
185,Cowboy Doom,Foreign,2,7,28.93,2.99,3.5
684,Pizza Jumanji,Games,2,7,25.94,2.99,3.5
196,Cruelty Unforgiven,Classics,2,7,6.9399999999999995,0.99,3.5
365,Gold River,Comedy,4,14,94.86,4.99,3.5
360,Glass Dying,Action,4,14,35.88,0.99,3.5
935,Vanished Garden,New,2,7,14.94,0.99,3.5
930,Vacation Boondock,Sci-Fi,6,21,89.81,2.99,3.5
149,Christmas Moonshine,Children,6,21,26.81,0.9899999999999999,3.5
779,Sense Greek,Sports,2,7,47.93,4.99,3.5
161,Clue Grail,Music,2,7,40.93,4.99,3.5
774,Searchers Wait,Comedy,4,14,75.86,2.99,3.5
182,Control Anthem,Comedy,2,7,31.94,4.99,3.5
178,Connection Microcosmos,Comedy,2,7,8.95,0.99,3.5
379,Greedy Roots,Drama,4,14,14.870000000000001,0.99,3.5
156,Clerks Angels,Documentary,2,7,45.94,4.99,3.5
455,Impossible Prejudice,Foreign,4,14,74.86,4.99,3.5
861,Suit Walls,Games,6,21,134.81,4.99,3.5
19,Amadeus Holy,Action,6,21,32.8,0.9899999999999999,3.5
981,Wolves Desire,Travel,6,21,24.79,0.9899999999999999,3.5
569,Menagerie Rushmore,Animation,2,7,18.94,2.99,3.5
900,Town Ark,Foreign,4,14,46.870000000000005,2.99,3.5
910,Treatment Jekyll,Drama,2,7,6.9399999999999995,0.99,3.5
67,Berets Agent,Action,6,21,72.80000000000001,2.99,3.5
916,Turn Star,Animation,4,14,56.88,2.99,3.5
921,Uncut Suicides,Music,4,14,42.870000000000005,2.99,3.5
695,President Bang,Family,2,7,35.94,4.99,3.5
219,Deep Crusade,Documentary,4,14,75.87,4.99,3.5
205,Dances None,Action,4,14,28.87,0.99,3.5
667,Peach Innocent,Sports,4,14,80.86,2.99,3.5
100,Brooklyn Desert,Foreign,6,21,106.81,4.99,3.5
673,Personal Ladybugs,Music,4,14,43.870000000000005,0.99,3.5
681,Pirates Roxanne,Sports,6,21,45.81,0.9899999999999999,3.5
106,Bulworth Commandments,Games,2,7,32.93,2.99,3.5
745,Roses Treasure,Sports,8,28,137.77,4.99,3.5
946,Virtual Spoilers,Family,4,14,105.87,4.99,3.5
513,Leathernecks Dwarfs,Travel,2,7,21.94,2.99,3.5
517,Lesson Cleopatra,Sports,2,7,22.94,0.99,3.5
248,Dozen Lion,Documentary,2,7,31.94,4.99,3.5
249,Dracula Crystal,Classics,6,21,22.810000000000002,0.9899999999999999,3.5
255,Driving Polish,Music,6,21,105.81,4.99,3.5
514,Lebowski Soldiers,Drama,6,21,62.82000000000001,2.99,3.5
316,Fire Wolves,Games,2,7,39.93,4.99,3.5
658,Paris Weekend,Horror,4,14,40.88,2.99,3.5
547,Magic Mallrats,Children,2,7,17.93,0.99,3.5
653,Panic Club,Horror,2,7,51.93,4.99,3.5
241,Donnie Alley,Animation,4,14,34.870000000000005,0.99,3.5
238,Doctor Grail,Children,2,7,23.950000000000003,2.99,3.5
235,Divide Monster,Sci-Fi,6,21,61.800000000000004,2.99,3.5
237,Divorce Shining,Sports,2,7,21.950000000000003,2.99,3.5
24,Analyze Hoosiers,Horror,4,14,55.86,2.99,3.5
53,Bang Kwai,Family,2,7,22.93,2.99,3.5
49,Badman Dawn,Sci-Fi,6,21,76.79,2.99,3.5
953,Wait Cider,Animation,6,21,73.82000000000001,0.9899999999999999,3.5
6,Agent Truman,Foreign,6,21,111.81,2.99,3.5
652,Pajama Jawbreaker,Classics,4,14,39.86,0.99,3.5
622,Newsies Story,Documentary,2,7,22.93,0.99,3.5
546,Madre Gables,Games,4,14,47.870000000000005,2.99,3.5
520,License Weekend,Sci-Fi,2,7,17.94,2.99,3.5
289,Eve Resurrection,New,2,7,40.93,4.99,3.5
278,Elf Murder,Music,2,7,34.94,4.99,3.5
268,Early Home,Animation,2,7,36.94,4.99,3.5
295,Expendable Stallion,Documentary,8,28,94.74000000000001,0.99,3.5
280,Empire Malkovich,Children,6,21,26.810000000000002,0.9899999999999999,3.5
261,Duffel Apocalypse,Documentary,2,7,5.94,0.99,3.5
605,Mulholland Beast,Foreign,2,7,21.93,2.99,3.5
81,Blindness Gun,Sci-Fi,4,14,71.87,4.99,3.5
911,Trip Newton,Action,8,28,135.74,4.99,3.5
443,Hurricane Affair,Comedy,7,24,82.77000000000001,2.9899999999999998,3.43
810,Slums Duck,Family,7,24,48.78,0.99,3.43
11,Alamo Videotape,Foreign,7,24,30.78,0.99,3.43
790,Shootist Superfly,Drama,7,24,36.769999999999996,0.99,3.43
804,Sleeping Suspects,Horror,7,24,121.78,4.99,3.43
476,Jason Trap,Family,7,24,97.77000000000001,2.9899999999999998,3.43
366,Goldfinger Sensibility,Drama,7,24,67.79,0.99,3.43
119,Caper Motions,Comedy,7,24,37.77,0.99,3.43
447,Ice Crossing,Games,7,24,90.78,2.9899999999999998,3.43
852,Strangelove Desire,Children,7,24,79.78,0.99,3.43
641,Orange Grapes,Foreign,7,24,61.78,0.99,3.43
502,Knock Warlock,Comedy,7,24,99.79,2.9899999999999998,3.43
43,Atlantis Cause,Family,7,24,75.79,2.9899999999999998,3.43
35,Arachnophobia Rollercoaster,Horror,7,24,109.77000000000001,2.9899999999999998,3.43
999,Zoolander Fiction,Children,5,17,66.85000000000001,2.99,3.4
574,Midnight Westward,Action,5,17,38.84,0.99,3.4
275,Egypt Tenenbaums,Horror,5,17,66.84,0.99,3.4
483,Jericho Mulan,Games,5,17,95.84,2.99,3.4
534,Louisiana Harry,Family,5,17,28.840000000000003,0.99,3.4
380,Greek Everyone,Foreign,5,17,55.830000000000005,2.99,3.4
763,Satisfaction Confidential,Sports,5,17,122.84,4.99,3.4
944,Virgin Daisy,Drama,5,17,86.84,4.99,3.4
744,Roots Remember,Classics,5,17,37.86,0.99,3.4
877,Taxi Kick,Music,5,17,34.83,0.99,3.4
175,Confused Candles,Family,5,17,99.84,2.99,3.4
925,United Pilot,Documentary,5,17,43.85,0.99,3.4
324,Flintstones Happiness,Comedy,5,17,134.83,4.99,3.4
623,Newton Labyrinth,Foreign,5,17,46.84,0.99,3.4
336,French Holiday,Documentary,5,17,94.84,4.99,3.4
448,Idaho Love,New,5,17,68.85,2.99,3.4
693,Potter Connecticut,Animation,5,17,62.85,2.99,3.4
488,Joon Northwest,Sports,5,17,37.84,0.99,3.4
964,Waterfront Deliverance,Action,5,17,116.84,4.99,3.4
691,Poseidon Forever,Sports,5,17,100.83,4.99,3.4
424,Holocaust Highball,Children,5,17,23.84,0.99,3.4
95,Breakfast Goldfinger,New,5,17,104.84,4.99,3.4
870,Swarm Gold,Horror,8,27,64.77000000000001,0.99,3.38
897,Torque Bound,Drama,8,27,169.76,4.99,3.38
531,Lose Inch,Foreign,8,27,77.74,0.99,3.38
525,Loathing Legally,Classics,8,27,62.74,0.99,3.38
638,Operation Operation,Comedy,8,27,80.75,2.99,3.38
434,Horror Reign,Travel,8,27,77.75,0.99,3.38
468,Invasion Cyclone,Children,8,27,100.74000000000001,2.99,3.38
206,Dancing Fever,Documentary,8,27,49.760000000000005,0.99,3.38
697,Primary Glass,Action,8,27,36.73,0.99,3.38
835,Spy Mile,Games,8,27,94.73,2.99,3.38
200,Curtain Videotape,Games,8,27,34.77,0.99,3.38
778,Secrets Paradise,Family,6,20,139.82,4.99,3.33
537,Lover Truman,Classics,3,10,54.910000000000004,2.99,3.33
780,Sensibility Rear,Family,3,10,52.900000000000006,4.99,3.33
750,Run Pacific,New,3,10,42.910000000000004,0.9899999999999999,3.33
339,Frogmen Breaking,Travel,3,10,16.900000000000002,0.9899999999999999,3.33
486,Jet Neighbors,Foreign,6,20,92.83,4.99,3.33
99,Bringing Hysterical,Comedy,6,20,68.81,2.99,3.33
508,Lambs Cincinatti,Games,3,10,57.9,4.99,3.33
694,Prejudice Oleander,Classics,6,20,110.81,4.99,3.33
731,Right Cranes,Classics,3,10,52.900000000000006,4.99,3.33
246,Doubtfire Labyrinth,Foreign,3,10,52.910000000000004,4.99,3.33
868,Superfly Trip,Travel,3,10,16.91,0.9899999999999999,3.33
139,Chasing Fight,Family,6,20,105.82,4.99,3.33
837,Stage World,Comedy,3,10,46.900000000000006,2.99,3.33
326,Flying Hook,Animation,6,20,77.81,2.99,3.33
157,Clockwork Paradise,Children,3,10,11.9,0.9899999999999999,3.33
147,Chocolat Harry,Family,6,20,49.81,0.9899999999999999,3.33
630,Notting Speakeasy,Drama,3,10,12.91,0.9899999999999999,3.33
636,Oleander Clue,Music,3,10,24.91,0.9899999999999999,3.33
562,Masked Bubble,Music,6,20,24.81,0.9899999999999999,3.33
482,Jeopardy Encino,Classics,3,10,28.900000000000002,0.9899999999999999,3.33
528,Lolita World,Family,3,10,45.910000000000004,2.99,3.33
477,Jawbreaker Brooklyn,Music,3,10,10.91,0.9899999999999999,3.33
827,Spice Sorority,Drama,6,20,106.81,4.99,3.33
402,Harper Dying,Animation,6,20,77.80000000000001,0.9899999999999999,3.33
811,Smile Earring,Travel,3,10,58.9,2.99,3.33
312,Fiddler Lost,Sci-Fi,3,10,64.9,4.99,3.33
851,Straight Hours,Sports,6,20,55.81,0.9899999999999999,3.33
439,Hunchback Impossible,Drama,6,20,115.83,4.99,3.33
960,Wars Pluto,Documentary,3,10,42.900000000000006,2.99,3.33
952,Wagon Jaws,Documentary,3,10,33.910000000000004,2.99,3.33
20,Amelie Hellfighters,Music,3,10,67.9,4.99,3.33
680,Pinocchio Simon,Comedy,6,20,119.82,4.99,3.33
834,Spoilers Hellfighters,Documentary,3,10,18.91,0.9899999999999999,3.33
414,Hellfighters Sierra,Foreign,6,20,92.81,2.99,3.33
204,Dalmations Sweden,Drama,6,20,54.82,0.9899999999999999,3.33
726,Reservoir Adaptation,Foreign,3,10,29.910000000000004,2.99,3.33
363,Go Purple,Music,6,20,43.83,0.9899999999999999,3.33
707,Quest Mussolini,Action,6,20,77.80000000000001,2.99,3.33
553,Maker Gables,Children,3,10,32.9,0.9899999999999999,3.33
66,Beneath Rush,Children,3,10,16.9,0.9899999999999999,3.33
740,Rollercoaster Bringing,Horror,3,10,39.910000000000004,2.99,3.33
743,Room Roman,Animation,6,20,27.82,0.9899999999999999,3.33
647,Outfield Massacre,Music,6,20,54.82000000000001,0.9899999999999999,3.33
320,Flamingos Connecticut,New,7,23,134.78,4.99,3.29
982,Women Dorado,Action,7,23,38.81,0.99,3.29
857,Strictly Scarface,Comedy,7,23,113.77000000000001,2.9899999999999998,3.29
771,Scorpion Apollo,Drama,7,23,158.79,4.99,3.29
122,Carrie Bunch,Horror,7,23,34.769999999999996,0.99,3.29
892,Titanic Boondock,Animation,7,23,149.78,4.99,3.29
270,Earth Vision,New,7,23,34.77,0.99,3.29
10,Aladdin Calendar,Sports,7,23,131.77,4.99,3.29
816,Snowman Rollercoaster,Animation,7,23,65.79,0.99,3.29
843,Steel Santa,Classics,7,23,136.78,4.99,3.29
4,Affair Prejudice,Horror,7,23,83.79,2.9899999999999998,3.29
665,Patton Interview,Horror,7,23,94.79,2.9899999999999998,3.29
27,Anonymous Human,Sports,4,13,17.87,0.99,3.25
430,Hook Chariots,Animation,4,13,17.869999999999997,0.99,3.25
34,Arabia Dogma,Horror,4,13,21.880000000000003,0.99,3.25
842,State Wasteland,Games,4,13,55.89,2.99,3.25
573,Microcosmos Paradise,Children,4,13,43.88,2.99,3.25
296,Express Lonely,Sci-Fi,4,13,42.88,2.99,3.25
328,Forever Candidate,Children,4,13,40.88,2.99,3.25
773,Seabiscuit Punk,Sports,8,26,86.76,2.99,3.25
765,Saturn Name,Comedy,4,13,70.87,4.99,3.25
460,Innocent Usual,Foreign,8,26,191.74,4.99,3.25
597,Moonwalker Fool,Games,4,13,75.89,4.99,3.25
762,Sassy Packer,Games,4,13,14.88,0.99,3.25
151,Cincinatti Whisperer,Sci-Fi,4,13,71.89,4.99,3.25
153,Citizen Shrek,Sci-Fi,4,13,21.87,0.99,3.25
440,Hunger Roof,Foreign,4,13,19.88,0.99,3.25
828,Spiking Element,Classics,4,13,38.88,2.99,3.25
568,Memento Zoolander,Comedy,4,13,88.87,4.99,3.25
133,Chamber Italian,Music,4,13,65.88,4.99,3.25
593,Monterey Labyrinth,Horror,4,13,19.89,0.99,3.25
572,Metropolis Coma,Sci-Fi,8,26,116.76,2.99,3.25
321,Flash Wars,New,4,13,87.88,4.99,3.25
258,Drums Dynamite,Horror,4,13,24.870000000000005,0.99,3.25
65,Behavior Runaway,Horror,4,13,87.89,4.99,3.25
63,Bedazzled Married,Family,4,13,14.879999999999999,0.99,3.25
867,Super Wyoming,Family,4,13,78.88,4.99,3.25
882,Tenenbaums Command,Drama,4,13,19.88,0.99,3.25
929,Usual Untouchables,Foreign,4,13,65.88,4.99,3.25
661,Past Suicides,Foreign,4,13,66.88,4.99,3.25
71,Bilko Anonymous,Family,4,13,94.88,4.99,3.25
660,Party Knock,Comedy,4,13,41.88,2.99,3.25
209,Darkness War,Drama,4,13,45.88,2.99,3.25
711,Raging Airplane,Sci-Fi,4,13,77.88,4.99,3.25
736,Robbery Bright,Family,4,13,32.88,0.99,3.25
705,Purple Movie,Foreign,4,13,52.88,2.99,3.25
683,Pity Bound,Drama,8,26,138.77,4.99,3.25
213,Date Speed,Family,4,13,41.88,0.99,3.25
423,Hollywood Anonymous,Children,4,13,13.870000000000001,0.99,3.25
449,Identity Lover,Sci-Fi,4,13,56.88,2.99,3.25
50,Baked Cleopatra,Family,5,16,76.85000000000001,2.99,3.2
44,Attacks Hate,Sci-Fi,5,16,101.84,4.99,3.2
226,Destiny Saturday,New,5,16,91.85,4.99,3.2
704,Pure Runner,Comedy,5,16,89.85,2.99,3.2
666,Paycheck Wait,Drama,5,16,101.84,4.99,3.2
696,Pride Alamo,Animation,5,16,17.85,0.99,3.2
664,Patriot Roman,Action,5,16,52.85,2.99,3.2
991,Worst Banger,Action,5,16,66.85000000000001,2.99,3.2
975,Willow Tracy,Family,5,16,52.85,2.99,3.2
980,Wizard Coldblooded,Music,5,16,90.85,4.99,3.2
716,Reap Unfaithful,Horror,5,16,62.84,2.99,3.2
757,Sagebrush Clueless,Documentary,5,16,83.86,2.99,3.2
601,Moulin Wake,Travel,5,16,51.84,0.99,3.2
141,Chicago North,Games,5,16,84.85,4.99,3.2
963,Watch Tracy,Animation,5,16,33.85,0.99,3.2
123,Casablanca Super,Travel,5,16,82.84,4.99,3.2
570,Mermaid Insects,Sports,5,16,94.85,4.99,3.2
797,Silence Kane,Music,5,16,15.85,0.99,3.2
165,Coldblooded Darling,Sci-Fi,5,16,89.84,4.99,3.2
937,Varsity Trip,New,5,16,48.84,2.99,3.2
105,Bull Shawshank,Action,5,16,21.84,0.99,3.2
739,Rocky War,Drama,5,16,88.87,4.99,3.2
862,Summer Scarface,Classics,5,16,32.86,0.99,3.2
373,Graduate Lord,Children,5,16,42.870000000000005,2.99,3.2
725,Requiem Tycoon,Classics,6,19,105.82000000000001,4.99,3.17
710,Rage Games,Family,6,19,119.81,4.99,3.17
616,National Story,Documentary,6,19,76.83,2.99,3.17
619,Neighbors Charade,Sports,6,19,62.830000000000005,0.9899999999999999,3.17
948,Voice Peach,New,6,19,31.83,0.9899999999999999,3.17
734,Road Roxanne,Documentary,6,19,115.83,4.99,3.17
690,Pond Seattle,Animation,6,19,61.82000000000001,2.99,3.17
222,Desert Poseidon,Horror,6,19,118.81,4.99,3.17
118,Canyon Stock,Animation,6,19,27.81,0.9899999999999999,3.17
785,Shawshank Bubble,Travel,6,19,109.81,4.99,3.17
282,Encounters Curtain,Drama,6,19,38.82,0.9899999999999999,3.17
436,Hours Rage,New,6,19,44.82,0.9899999999999999,3.17
429,Honey Ties,Sports,6,19,59.84,0.9899999999999999,3.17
580,Mine Titans,New,6,19,138.82999999999998,4.99,3.17
912,Trojan Tomorrow,Sci-Fi,6,19,75.82000000000001,2.99,3.17
302,Fantasia Park,Games,6,19,73.81,2.99,3.17
457,Independence Hotel,Documentary,6,19,34.82,0.9899999999999999,3.17
243,Doors President,Animation,6,19,118.82,4.99,3.17
150,Cider Desire,Documentary,6,19,56.830000000000005,2.99,3.17
269,Earring Instinct,Family,6,19,60.830000000000005,0.9899999999999999,3.17
281,Encino Elf,Games,6,19,27.810000000000002,0.9899999999999999,3.17
72,Bill Others,Documentary,6,19,63.82000000000001,2.99,3.17
233,Disciple Mother,Travel,6,19,39.82,0.9899999999999999,3.17
864,Sundance Invasion,Children,6,19,36.82,0.9899999999999999,3.17
97,Bride Intrigue,Action,6,19,20.82,0.9899999999999999,3.17
887,Thief Pelican,Animation,6,19,97.84,4.99,3.17
408,Head Stranger,Games,7,22,142.79,4.99,3.14
985,Wonderland Christmas,Sci-Fi,7,22,142.79,4.99,3.14
556,Maltese Hope,Games,7,22,118.79,4.99,3.14
376,Grapes Fury,Foreign,7,22,56.77,0.99,3.14
143,Chill Luck,Drama,7,22,29.790000000000003,0.99,3.14
814,Snatch Slipper,Comedy,7,22,117.8,4.99,3.14
823,South Wait,Action,7,22,102.79,2.9899999999999998,3.14
880,Telemark Heartbreakers,Animation,8,25,88.76,2.99,3.12
266,Dynamite Tarzan,Classics,8,25,60.769999999999996,0.99,3.12
856,Streetcar Intentions,Horror,8,25,137.77,4.99,3.12
978,Wisdom Worker,Comedy,3,9,29.91,0.9899999999999999,3.0
959,Warlock Werewolf,Children,2,6,21.94,2.99,3.0
37,Arizona Bang,Classics,7,21,104.79,2.9899999999999998,3.0
988,Worker Tarzan,Travel,5,15,47.86,2.99,3.0
986,Wonka Sea,Animation,6,18,66.82000000000001,2.99,3.0
983,Won Dares,Music,3,9,28.910000000000004,2.99,3.0
57,Basic Easy,Travel,7,21,87.8,2.9899999999999998,3.0
420,Holes Brannigan,Sports,5,15,75.86,4.99,3.0
39,Armageddon Lost,Sci-Fi,7,21,41.8,0.99,3.0
974,Wild Apollo,New,2,6,15.940000000000001,0.99,3.0
677,Pianist Outfield,New,7,21,38.78,0.99,3.0
689,Pollock Deliverance,Foreign,6,18,66.82000000000001,2.99,3.0
965,Watership Frontier,Horror,2,6,13.940000000000001,0.99,3.0
675,Phantom Glory,New,2,6,21.94,2.99,3.0
714,Random Go,Sci-Fi,3,9,31.910000000000004,2.99,3.0
724,Remember Diary,Family,6,18,70.83,2.99,3.0
194,Crow Grease,Action,4,12,14.89,0.99,3.0
224,Desperate Trainspotting,Travel,2,6,31.939999999999998,4.99,3.0
218,Deceiver Betrayed,Drama,7,21,24.8,0.99,3.0
215,Dawn Pond,Games,6,18,120.83,4.99,3.0
208,Dares Pluto,Animation,3,9,26.92,2.99,3.0
207,Dangerous Uptown,Foreign,4,12,66.88,4.99,3.0
3,Adaptation Holes,Documentary,4,12,34.89,2.99,3.0
997,Youth Kick,Music,2,6,16.94,0.99,3.0
833,Splendor Patton,Children,7,21,40.790000000000006,0.99,3.0
922,Undefeated Dalmations,Horror,7,21,102.81,4.99,3.0
881,Temple Attraction,Horror,4,12,57.900000000000006,4.99,3.0
883,Tequila Past,Children,2,6,32.94,4.99,3.0
503,Kramer Chocolate,Sports,3,9,47.910000000000004,2.99,3.0
940,Victory Academy,Sports,3,9,12.91,0.9899999999999999,3.0
168,Comancheros Enemy,Children,2,6,9.940000000000001,0.99,3.0
188,Crazy Home,Comedy,3,9,26.910000000000004,2.99,3.0
934,Vanilla Day,Games,3,9,52.91,4.99,3.0
498,Killer Innocent,Family,2,6,21.94,2.99,3.0
936,Vanishing Rocky,Music,6,18,80.83,2.99,3.0
62,Bed Highball,Documentary,2,6,24.94,2.99,3.0
340,Frontier Cabin,New,2,6,35.94,4.99,3.0
102,Bubble Grosse,Sports,2,6,35.94,4.99,3.0
507,Ladybugs Armageddon,Games,2,6,17.94,0.99,3.0
91,Bound Cheaper,Classics,8,24,50.76,0.99,3.0
338,Frisco Forrest,Sci-Fi,3,9,53.91,4.99,3.0
919,Tycoon Gathering,Games,4,12,103.88,4.99,3.0
346,Galaxy Sweethearts,Classics,6,18,105.84,4.99,3.0
709,Racer Egg,Drama,6,18,54.830000000000005,2.99,3.0
885,Texas Watch,Horror,2,6,5.94,0.99,3.0
372,Graceland Dynamite,Sports,2,6,37.94,4.99,3.0
632,Nuts Ties,New,3,9,53.91,4.99,3.0
635,Oklahoma Jumanji,New,2,6,5.94,0.99,3.0
262,Dumbo Lust,Family,2,6,13.940000000000001,0.99,3.0
456,Inch Jet,Animation,6,18,95.82000000000001,4.99,3.0
768,Scarface Bang,Children,6,18,106.84,4.99,3.0
461,Insects Stone,Animation,6,18,36.81,0.9899999999999999,3.0
777,Secretary Rouge,Sports,6,18,112.82,4.99,3.0
769,School Jacket,Foreign,2,6,35.94,4.99,3.0
329,Forrest Sons,Action,6,18,83.83,2.99,3.0
256,Drop Waterfront,Sports,3,9,43.92,4.99,3.0
754,Rushmore Mermaid,Comedy,2,6,18.94,2.99,3.0
755,Sabrina Midnight,Children,7,21,126.78999999999999,4.99,3.0
259,Duck Racer,Animation,2,6,20.950000000000003,2.99,3.0
240,Dolls Rage,Sci-Fi,3,9,27.92,2.99,3.0
323,Flight Lies,Sports,4,12,68.88,4.99,3.0
317,Fireball Philadelphia,Comedy,7,21,57.81,0.99,3.0
524,Lion Uncut,Comedy,6,18,33.83,0.9899999999999999,3.0
516,Legend Jedi,Music,3,9,12.92,0.9899999999999999,3.0
550,Maguire Apache,Family,3,9,33.910000000000004,2.99,3.0
232,Dirty Ace,Games,5,15,47.870000000000005,2.99,3.0
519,Liberty Magnificent,Sports,4,12,67.89,2.99,3.0
657,Paradise Sabrina,Comedy,6,18,79.82000000000001,2.99,3.0
567,Meet Chocolate,Foreign,4,12,56.89,2.99,3.0
813,Smoochy Control,Sports,4,12,14.88,0.99,3.0
815,Snatchers Montezuma,Classics,3,9,37.910000000000004,2.99,3.0
112,Calendar Gunfight,Foreign,7,21,123.82,4.99,3.0
113,California Birds,Sports,4,12,73.89,4.99,3.0
116,Candidate Perdition,Classics,6,18,88.82,2.99,3.0
120,Caribbean Liberty,Sports,3,9,66.92,4.99,3.0
121,Carol Texas,Animation,6,18,79.83000000000001,2.99,3.0
390,Guys Falcon,Sci-Fi,3,9,52.92,4.99,3.0
389,Gunfighter Mussolini,Sports,4,12,64.89,2.99,3.0
475,Japanese Run,Horror,2,6,7.9399999999999995,0.99,3.0
274,Egg Igby,Documentary,7,21,98.81,2.9899999999999998,3.0
586,Mockingbird Hollywood,Action,8,24,53.78,0.99,3.0
585,Mob Duffel,Drama,4,12,27.9,0.99,3.0
405,Haunted Antitrust,Travel,2,6,31.939999999999998,4.99,3.0
399,Happiness United,Foreign,2,6,22.94,2.99,3.0
591,Monsoon Cause,Games,3,9,54.91,4.99,3.0
291,Evolution Alter,Sports,4,12,26.880000000000003,0.99,3.0
794,Side Ark,Action,4,12,29.880000000000003,0.99,3.0
126,Casualties Encino,Action,3,9,61.92,4.99,3.0
808,Sling Luke,Classics,2,6,14.940000000000001,0.99,3.0
472,Italian African,Travel,2,6,38.94,4.99,3.0
799,Simon North,Horror,2,6,18.94,0.99,3.0
798,Silverado Goldfinger,Sci-Fi,4,12,91.88,4.99,3.0
796,Sierra Divide,Sports,5,15,57.85,0.99,3.0
812,Smoking Barbarella,Documentary,6,18,17.84,0.9899999999999999,3.0
76,Birdcage Casper,Music,3,9,23.910000000000004,0.9899999999999999,3.0
77,Birds Perdition,New,6,18,102.83,4.99,3.0
80,Blanket Beverly,Family,4,12,33.900000000000006,2.99,3.0
88,Born Spinal,Travel,4,12,59.88,4.99,3.0
90,Boulevard Mob,New,6,18,56.84,0.9899999999999999,3.0
17,Alone Trip,Music,6,18,61.83,0.9899999999999999,3.0
594,Montezuma Command,Action,3,9,11.91,0.9899999999999999,3.0
557,Manchurian Curtain,Family,5,15,59.86,2.99,3.0
821,Sorority Queen,Foreign,4,12,19.88,0.99,3.0
125,Cassidy Wyoming,Travel,2,6,23.94,2.99,3.0
297,Extraordinary Conquerer,Classics,2,6,22.94,2.99,3.0
438,Human Graffiti,Games,5,15,80.85000000000001,2.99,3.0
841,Star Operation,Sports,7,21,83.80000000000001,2.9899999999999998,3.0
22,Amistad Midsummer,New,7,21,70.79,2.9899999999999998,3.0
32,Apocalypse Flamingos,New,2,6,24.950000000000003,4.99,3.0
7,Airplane Sierra,Comedy,5,15,82.85000000000001,4.99,3.0
199,Cupboard Sinners,Documentary,8,23,103.78,2.99,2.88
1,Academy Dinosaur,Documentary,8,23,33.79,0.99,2.88
412,Heavyweights Beast,Documentary,8,23,123.78,4.99,2.88
720,Redemption Comforts,New,7,20,113.8,2.9899999999999998,2.86
733,River Outlaw,Sports,7,20,56.82,0.99,2.86
845,Stepmom Dream,Foreign,7,20,99.81,4.99,2.86
590,Money Harold,New,7,20,111.8,2.9899999999999998,2.86
579,Minds Truman,Action,7,20,144.81,4.99,2.86
723,Reign Gentlemen,Sci-Fi,7,20,105.81,2.9899999999999998,2.86
993,Wrong Behavior,Children,7,20,62.800000000000004,2.9899999999999998,2.86
484,Jerk Paycheck,Classics,7,20,104.81,2.9899999999999998,2.86
467,Intrigue Worst,Foreign,7,20,36.81,0.99,2.86
409,Heartbreakers Bright,Children,7,20,132.8,4.99,2.86
672,Perfect Groove,Comedy,6,17,53.84,2.99,2.83
859,Sugar Wonka,Animation,6,17,93.85,4.99,2.83
803,Slacker Liaisons,Drama,6,17,86.84,4.99,2.83
183,Conversation Downhill,Family,6,17,114.83,4.99,2.83
737,Rock Instinct,Horror,6,17,48.830000000000005,0.9899999999999999,2.83
643,Orient Closer,Drama,6,17,80.83,2.99,2.83
512,League Hellfighters,Classics,6,17,105.83,4.99,2.83
481,Jekyll Frogmen,New,6,17,78.84,2.99,2.83
506,Lady Stage,Horror,6,17,113.84,4.99,2.83
611,Musketeers Wait,Classics,6,17,82.85,4.99,2.83
536,Lovely Jingle,Classics,5,14,62.870000000000005,2.99,2.8
599,Mother Oleander,Sports,5,14,63.870000000000005,0.99,2.8
381,Grinch Massage,Games,5,14,76.86,4.99,2.8
620,Nemo Campus,Sci-Fi,5,14,59.86,2.99,2.8
173,Confessions Maguire,Drama,5,14,70.87,4.99,2.8
216,Day Unfaithful,New,5,14,93.88,4.99,2.8
894,Tomatoes Hellfighters,Travel,5,14,19.86,0.99,2.8
453,Image Princess,Sports,5,14,76.86,2.99,2.8
478,Jaws Harry,Comedy,5,14,59.870000000000005,2.99,2.8
549,Magnolia Forrester,Action,4,11,34.89,0.99,2.75
342,Fugitive Maguire,Travel,4,11,56.89,4.99,2.75
886,Theory Mermaid,Animation,4,11,30.880000000000003,0.99,2.75
722,Reef Salute,Horror,4,11,23.89,0.99,2.75
352,Gathering Calendar,Games,4,11,19.900000000000002,0.99,2.75
444,Hustler Party,Comedy,8,22,190.78,4.99,2.75
250,Dragon Squad,Action,4,11,27.89,0.99,2.75
92,Bowfinger Gables,Horror,4,11,56.89,4.99,2.75
888,Thin Sagebrush,Documentary,4,11,73.89,4.99,2.75
337,Frida Slipper,Foreign,4,11,40.900000000000006,2.99,2.75
500,Kiss Glory,Foreign,8,22,126.79,4.99,2.75
918,Twisted Pirates,Children,4,11,66.89,4.99,2.75
729,Rider Caddyshack,Sports,4,11,48.89,2.99,2.75
115,Campus Remember,Action,7,19,81.83,2.9899999999999998,2.71
311,Fiction Christmas,Foreign,7,19,58.81,0.99,2.71
163,Clyde Theory,New,3,8,23.92,0.9899999999999999,2.67
170,Command Darling,Foreign,6,16,107.84,4.99,2.67
674,Pet Haunting,Foreign,3,8,26.92,0.9899999999999999,2.67
923,Unfaithful Kill,Drama,3,8,26.92,2.99,2.67
392,Hall Cassidy,Children,6,16,98.84,4.99,2.67
458,Indian Love,Family,6,16,46.85,0.9899999999999999,2.67
752,Runner Madigan,Music,3,8,14.920000000000002,0.9899999999999999,2.67
136,Chaplin License,New,3,8,23.92,2.99,2.67
124,Casper Dragonfly,Children,3,8,45.93,4.99,2.67
146,Chitty Lock,Drama,3,8,28.92,2.99,2.67
787,Shining Roses,Travel,3,8,22.92,0.9899999999999999,2.67
189,Creatures Shakespeare,Games,6,16,56.84,0.9899999999999999,2.67
758,Saints Bride,Drama,3,8,31.92,2.99,2.67
384,Grosse Wonderful,Music,3,8,46.92,4.99,2.67
371,Gosford Donnie,Action,3,8,48.92,4.99,2.67
364,Godfather Diary,New,3,8,37.92,2.99,2.67
351,Gaslight Crusade,Horror,6,16,62.84,2.99,2.67
606,Mummy Creatures,Sports,6,16,55.85,0.9899999999999999,2.67
431,Hoosiers Birdcage,Foreign,3,8,41.92,2.99,2.67
225,Destination Jerk,Drama,3,8,31.92,0.9899999999999999,2.67
846,Sting Personal,New,8,21,149.8,4.99,2.62
193,Crossroads Casualties,Animation,8,21,74.80000000000001,2.99,2.62
69,Beverly Outlaw,Sci-Fi,8,21,115.79,2.99,2.62
511,Lawrence Love,Action,5,13,15.870000000000001,0.99,2.6
293,Exorcist Sting,Sports,5,13,49.88,2.99,2.6
917,Tuxedo Mile,Sports,5,13,76.87,2.99,2.6
829,Spinal Rocky,Family,5,13,39.870000000000005,2.99,2.6
699,Private Drop,Games,2,5,26.950000000000003,4.99,2.5
781,Seven Swarm,Games,2,5,30.95,4.99,2.5
820,Sons Interview,Animation,6,15,75.85000000000001,2.99,2.5
107,Bunch Minds,Drama,2,5,25.950000000000003,2.99,2.5
180,Conspiracy Spirit,Classics,2,5,16.950000000000003,2.99,2.5
94,Braveheart Human,Family,2,5,16.950000000000003,2.99,2.5
231,Dinosaur Secretary,Family,8,20,67.81,2.99,2.5
662,Paths Control,Drama,4,10,81.9,4.99,2.5
459,Informer Double,Foreign,2,5,27.950000000000003,4.99,2.5
441,Hunter Alter,Documentary,2,5,24.95,2.99,2.5
362,Glory Tracy,Games,2,5,14.950000000000001,2.99,2.5
903,Traffic Hobbit,Travel,2,5,24.950000000000003,4.99,2.5
343,Full Flatliners,Children,2,5,16.950000000000003,2.99,2.5
558,Mannequin Worst,New,2,5,23.950000000000003,2.99,2.5
655,Panther Reds,Sci-Fi,6,15,83.86,4.99,2.5
350,Garden Island,Sci-Fi,8,20,134.82,4.99,2.5
310,Fever Empire,Games,2,5,33.95,4.99,2.5
276,Element Freddy,Comedy,4,10,56.9,4.99,2.5
612,Mussolini Spoilers,Sports,2,5,15.950000000000001,2.99,2.5
335,Freedom Cleopatra,Comedy,2,5,5.95,0.99,2.5
542,Lust Lock,Action,6,15,74.82000000000001,2.99,2.5
464,Intentions Empire,Animation,7,17,78.83,2.9899999999999998,2.43
957,War Notting,Foreign,5,12,65.88,4.99,2.4
9,Alabama Devil,Horror,5,12,71.88,2.99,2.4
2,Ace Goldfinger,Horror,3,7,52.93,4.99,2.33
836,Squad Fish,Sports,3,7,27.93,2.99,2.33
648,Outlaw Hanky,Travel,6,14,73.86,4.99,2.33
913,Troopers Metal,New,6,14,46.86,0.9899999999999999,2.33
784,Shanghai Tycoon,Travel,6,14,43.86,2.99,2.33
214,Daughter Madigan,Children,4,9,69.91,4.99,2.25
13,Ali Forever,Horror,4,9,54.910000000000004,4.99,2.25
824,Spartacus Cheaper,Family,4,9,60.91,4.99,2.25
357,Gilbert Pelican,Classics,4,9,17.91,0.99,2.25
74,Birch Antitrust,Music,5,11,74.89,4.99,2.2
884,Terminator Club,Music,3,6,39.94,4.99,2.0
584,Mixed Doors,Foreign,2,4,15.96,2.99,2.0
904,Train Bunch,Horror,2,4,24.96,4.99,2.0
485,Jersey Sassy,Children,3,6,39.94,4.99,2.0
939,Vertigo Northwest,Comedy,4,8,37.92,2.99,2.0
400,Hardly Robbers,Documentary,2,4,15.96,2.99,2.0
