title,category,rental_rate,replacement_cost,total_rentals,total_revenue,revenue_per_rental
Hustler Party,Comedy,4.99,22.99,22,190.78,8.6718
Tycoon Gathering,Games,4.99,17.99,12,103.88,8.6567
Paths Control,Drama,4.99,9.99,10,81.9,8.19
Telegraph Voyage,Music,4.99,20.99,27,215.75,7.9907
Flintstones Happiness,Comedy,4.99,11.99,17,134.83,7.9312
Daughter Madigan,Children,4.99,13.99,9,69.91,7.7678
Silverado Goldfinger,Sci-Fi,4.99,11.99,12,91.88,7.6567
Virtual Spoilers,Family,4.99,14.99,14,105.87,7.5621
Ace Goldfinger,Horror,4.99,12.99,7,52.93,7.5614
Trap Guys,Foreign,4.99,11.99,16,119.85,7.4906
Caribbean Liberty,Sports,4.99,16.99,9,66.92,7.4356
Panic Club,Horror,4.99,15.99,7,51.93,7.4186
Backlash Undefeated,Children,4.99,24.99,19,140.84,7.4126
Innocent Usual,Foreign,4.99,26.99,26,191.74,7.3746
Mine Titans,New,4.99,12.99,19,138.83,7.3068
Bilko Anonymous,Family,4.99,25.99,13,94.88,7.2985
Minds Truman,Action,4.99,22.99,20,144.81,7.2405
Satisfaction Confidential,Sports,4.99,26.99,17,122.84,7.2259
Sting Personal,New,4.99,9.99,21,149.8,7.1333
Fool Mockingbird,Action,4.99,24.99,23,162.79,7.0778
Secrets Paradise,Family,4.99,24.99,20,139.82,6.991
Pittsburgh Hunchback,Family,4.99,17.99,12,83.89,6.9908
Scorpion Apollo,Drama,4.99,23.99,23,158.79,6.9039
Casualties Encino,Action,4.99,16.99,9,61.92,6.88
Waterfront Deliverance,Action,4.99,17.99,17,116.84,6.8729
Magnificent Chitty,Classics,2.99,27.99,8,54.92,6.865
Sense Greek,Sports,4.99,23.99,7,47.93,6.8471
Memento Zoolander,Comedy,4.99,11.99,13,88.87,6.8362
Saturday Lambs,Sports,4.99,28.99,28,190.74,6.8121
Autumn Crow,Games,4.99,13.99,11,74.9,6.8091
Birch Antitrust,Music,4.99,18.99,11,74.89,6.8082
Amelie Hellfighters,Music,4.99,23.99,10,67.9,6.79
Fever Empire,Games,4.99,20.99,5,33.95,6.79
Details Packer,Games,4.99,17.99,19,128.82,6.78
Gold River,Comedy,4.99,21.99,14,94.86,6.7757
Spartacus Cheaper,Family,4.99,19.99,9,60.91,6.7678
Behavior Runaway,Horror,4.99,20.99,13,87.89,6.7608
Bright Encounters,Drama,4.99,12.99,13,87.88,6.76
Flash Wars,New,4.99,21.99,13,87.88,6.76
Conversation Downhill,Family,4.99,14.99,17,114.83,6.7547
Garden Island,Sci-Fi,4.99,21.99,20,134.82,6.741
Command Darling,Foreign,4.99,28.99,16,107.84,6.74
Thin Sagebrush,Documentary,4.99,9.99,11,73.89,6.7173
Dawn Pond,Games,4.99,27.99,18,120.83,6.7128
Day Unfaithful,New,4.99,16.99,14,93.88,6.7057
Lady Stage,Horror,4.99,14.99,17,113.84,6.6965
American Circus,Action,4.99,17.99,22,146.81,6.6732
King Evolution,Family,4.99,24.99,9,59.92,6.6578
Jersey Sassy,Children,4.99,16.99,6,39.94,6.6567
Terminator Club,Music,4.99,11.99,6,39.94,6.6567
Heartbreakers Bright,Children,4.99,9.99,20,132.8,6.64
Darko Dorado,Action,4.99,13.99,11,72.9,6.6273
Clerks Angels,Documentary,4.99,15.99,7,45.94,6.5629
Titanic Boondock,Animation,4.99,18.99,23,149.78,6.5122
Sunrise League,Animation,4.99,19.99,24,155.78,6.4908
Head Stranger,Games,4.99,28.99,22,142.79,6.4905
Wonderland Christmas,Sci-Fi,4.99,19.99,22,142.79,6.4905
Italian African,Travel,4.99,24.99,6,38.94,6.49
Fiddler Lost,Sci-Fi,4.99,20.99,10,64.9,6.49
Teen Apollo,Travel,4.99,25.99,17,109.86,6.4624
Lola Agent,Horror,4.99,24.99,24,154.77,6.4488
Whisperer Giant,Sci-Fi,4.99,24.99,22,141.8,6.4455
Zorro Ark,Comedy,4.99,18.99,31,199.72,6.4426
Titans Jerk,Sci-Fi,4.99,11.99,29,186.73,6.439
Suit Walls,Games,4.99,12.99,21,134.81,6.4195
Wife Turn,Documentary,4.99,27.99,31,198.73,6.4106
Pelican Comforts,Documentary,4.99,17.99,26,165.77,6.3758
Maiden Home,New,4.99,9.99,24,152.78,6.3658
Attacks Hate,Sci-Fi,4.99,21.99,16,101.84,6.365
Paycheck Wait,Drama,4.99,27.99,16,101.84,6.365
Something Duck,Drama,4.99,17.99,19,120.82,6.3589
Ties Hunger,Children,4.99,28.99,11,69.91,6.3555
Beast Hunchback,Classics,4.99,22.99,11,69.9,6.3545
Whale Bikini,Foreign,4.99,11.99,18,113.85,6.325
Graceland Dynamite,Sports,4.99,26.99,6,37.94,6.3233
Rage Games,Family,4.99,18.99,19,119.81,6.3058
Torque Bound,Drama,4.99,27.99,27,169.76,6.2874
Moonshine Cabin,Games,4.99,25.99,21,131.8,6.2762
Secretary Rouge,Sports,4.99,10.99,18,112.82,6.2678
Doors President,Animation,4.99,22.99,19,118.82,6.2537
Desert Poseidon,Horror,4.99,27.99,19,118.81,6.2532
Train Bunch,Horror,4.99,26.99,4,24.96,6.24
League Hellfighters,Classics,4.99,25.99,17,105.83,6.2253
Seven Swarm,Games,4.99,15.99,5,30.95,6.19
Hall Cassidy,Children,4.99,13.99,16,98.84,6.1775
Strangers Graffiti,Horror,4.99,22.99,17,104.86,6.1682
Breakfast Goldfinger,New,4.99,18.99,17,104.84,6.1671
Mission Zoolander,Animation,4.99,26.99,18,110.84,6.1578
California Birds,Sports,4.99,19.99,12,73.89,6.1575
Ishtar Rocketeer,Animation,4.99,24.99,7,42.94,6.1343
Eagles Panky,New,4.99,14.99,22,134.81,6.1277
Park Citizen,Action,4.99,14.99,8,48.94,6.1175
Gosford Donnie,Action,4.99,17.99,8,48.92,6.115
Ali Forever,Horror,4.99,21.99,9,54.91,6.1011
Monsoon Cause,Games,4.99,20.99,9,54.91,6.1011
Road Roxanne,Documentary,4.99,12.99,19,115.83,6.0963
Twisted Pirates,Children,4.99,23.99,11,66.89,6.0809
Super Wyoming,Family,4.99,10.99,13,78.88,6.0677
Kissing Dolls,Action,4.99,9.99,20,120.83,6.0415
Sabrina Midnight,Children,4.99,11.99,21,126.79,6.0376
Pinocchio Simon,Comedy,4.99,21.99,20,119.82,5.991
Stranger Strangers,Children,4.99,12.99,11,65.9,5.9909
Raging Airplane,Sci-Fi,4.99,18.99,13,77.88,5.9908
Frisco Forrest,Sci-Fi,4.99,23.99,9,53.91,5.99
Alabama Devil,Horror,2.99,21.99,12,71.88,5.99
Bubble Grosse,Sports,4.99,20.99,6,35.94,5.99
Frontier Cabin,New,4.99,14.99,6,35.94,5.99
School Jacket,Foreign,4.99,21.99,6,35.94,5.99
Nuts Ties,New,4.99,10.99,9,53.91,5.99
Nightmare Chill,Games,4.99,25.99,25,148.79,5.9516
Steel Santa,Classics,4.99,15.99,23,136.78,5.947
Scarface Bang,Children,4.99,11.99,18,106.84,5.9356
Poseidon Forever,Sports,4.99,29.99,17,100.83,5.9312
Mermaid Insects,Sports,4.99,20.99,16,94.85,5.9281
Harry Idaho,Drama,4.99,18.99,30,177.73,5.9243
Tuxedo Mile,Sports,2.99,24.99,13,76.87,5.9131
Midsummer Groundhog,Documentary,4.99,27.99,22,129.82,5.9009
Calendar Gunfight,Foreign,4.99,22.99,21,123.82,5.8962
Smile Earring,Travel,2.99,29.99,10,58.9,5.89
Range Moonwalker,Family,4.99,25.99,27,158.77,5.8804
Galaxy Sweethearts,Classics,4.99,13.99,18,105.84,5.88
Guys Falcon,Sci-Fi,4.99,20.99,9,52.92,5.88
Vanilla Day,Games,4.99,20.99,9,52.91,5.8789
Velvet Terminator,Comedy,4.99,14.99,26,152.77,5.8758
Confused Candles,Family,2.99,27.99,17,99.84,5.8729
Pickup Driving,Sports,2.99,23.99,16,93.85,5.8656
Grosse Wonderful,Music,4.99,19.99,8,46.92,5.865
Flamingos Connecticut,New,4.99,28.99,23,134.78,5.86
Hysterical Grail,Sports,4.99,19.99,15,87.85,5.8567
Queen Luke,Drama,4.99,22.99,22,128.79,5.8541
Eve Resurrection,New,4.99,25.99,7,40.93,5.8471
Clue Grail,Music,4.99,27.99,7,40.93,5.8471
Moonwalker Fool,Games,4.99,12.99,13,75.89,5.8377
Connecticut Tramp,Sci-Fi,4.99,20.99,13,75.89,5.8377
Show Lord,Documentary,4.99,24.99,25,145.78,5.8312
Vampire Whale,New,4.99,11.99,12,69.89,5.8242
West Lion,Drama,4.99,29.99,16,92.86,5.8038
Panky Submarine,Games,4.99,19.99,15,86.88,5.792
Hunchback Impossible,Drama,4.99,28.99,20,115.83,5.7915
Working Microcosmos,Travel,4.99,22.99,25,144.78,5.7912
Lambs Cincinatti,Games,4.99,18.99,10,57.9,5.79
Shawshank Bubble,Travel,4.99,20.99,19,109.81,5.7795
Peach Innocent,Sports,2.99,20.99,14,80.86,5.7757
Easy Gladiator,Action,4.99,12.99,23,132.8,5.7739
Tourist Pelican,Sports,4.99,18.99,22,126.81,5.7641
Kiss Glory,Foreign,4.99,11.99,22,126.79,5.7632
Liaisons Sweet,Travel,4.99,15.99,22,126.79,5.7632
Casper Dragonfly,Children,4.99,16.99,8,45.93,5.7413
Destiny Saturday,New,4.99,20.99,16,91.85,5.7406
Flight Lies,Sports,4.99,22.99,12,68.88,5.74
Name Detective,Games,4.99,11.99,23,131.78,5.7296
Aladdin Calendar,Sports,4.99,24.99,23,131.77,5.7291
Steers Armageddon,Sports,4.99,16.99,15,85.85,5.7233
Beauty Grease,Drama,4.99,28.99,22,125.79,5.7177
Birds Perdition,New,4.99,15.99,18,102.83,5.7128
Fire Wolves,Games,4.99,18.99,7,39.93,5.7043
Redemption Comforts,New,2.99,20.99,20,113.8,5.69
Element Freddy,Comedy,4.99,28.99,10,56.9,5.69
Dude Blindness,Sports,4.99,9.99,16,90.87,5.6794
Wizard Coldblooded,Music,4.99,12.99,16,90.85,5.6781
Liberty Magnificent,Sports,2.99,27.99,12,67.89,5.6575
Expecations Natural,Travel,4.99,26.99,18,101.83,5.6572
Sweden Shining,Comedy,4.99,19.99,18,101.83,5.6572
Jericho Mulan,Games,2.99,29.99,17,95.84,5.6376
Dogma Family,Animation,4.99,16.99,30,168.72,5.624
Crusade Honey,Sports,2.99,27.99,8,44.93,5.6163
Pure Runner,Comedy,2.99,25.99,16,89.85,5.6156
Coldblooded Darling,Sci-Fi,4.99,27.99,16,89.84,5.615
Fidelity Devil,Horror,4.99,11.99,21,117.82,5.6105
Loser Hustler,Sports,4.99,28.99,15,83.86,5.5907
Panther Reds,Sci-Fi,4.99,22.99,15,83.86,5.5907
Money Harold,New,2.99,17.99,20,111.8,5.59
Informer Double,Foreign,4.99,23.99,5,27.95,5.59
French Holiday,Documentary,4.99,22.99,17,94.84,5.5788
Attraction Newton,New,4.99,14.99,24,133.78,5.5742
Dangerous Uptown,Foreign,4.99,26.99,12,66.88,5.5733
Requiem Tycoon,Classics,4.99,25.99,19,105.82,5.5695
Creepers Kane,Classics,4.99,23.99,14,77.87,5.5621
Rocky War,Drama,4.99,17.99,16,88.87,5.5544
Interview Liaisons,New,4.99,17.99,20,110.82,5.541
Prejudice Oleander,Classics,4.99,15.99,20,110.81,5.5405
Opus Ice,Foreign,4.99,21.99,11,60.9,5.5364
Cincinatti Whisperer,Sci-Fi,4.99,26.99,13,71.89,5.53
Airplane Sierra,Comedy,4.99,28.99,15,82.85,5.5233
Holiday Games,Foreign,4.99,10.99,15,82.85,5.5233
Sugar Wonka,Animation,4.99,20.99,17,93.85,5.5206
Beverly Outlaw,Sci-Fi,2.99,21.99,21,115.79,5.5138
Streetcar Intentions,Horror,4.99,11.99,25,137.77,5.5108
Enemy Odds,Music,4.99,23.99,29,159.75,5.5086
Lover Truman,Classics,2.99,29.99,10,54.91,5.491
Drifter Commandments,Action,4.99,18.99,24,131.78,5.4908
Tequila Past,Children,4.99,17.99,6,32.94,5.49
Grinch Massage,Games,4.99,25.99,14,76.86,5.49
Image Princess,Sports,2.99,17.99,14,76.86,5.49
War Notting,Foreign,4.99,26.99,12,65.88,5.49
Cause Date,Documentary,2.99,16.99,21,114.81,5.4671
Closer Bang,Comedy,4.99,12.99,28,152.76,5.4557
Saturn Name,Comedy,4.99,18.99,13,70.87,5.4515
Deep Crusade,Documentary,4.99,20.99,14,75.87,5.4193
Searchers Wait,Comedy,2.99,22.99,14,75.86,5.4186
Gunfighter Mussolini,Sports,2.99,9.99,12,64.89,5.4075
Maltese Hope,Games,4.99,26.99,22,118.79,5.3995
Human Graffiti,Games,2.99,22.99,15,80.85,5.39
Private Drop,Games,4.99,26.99,5,26.95,5.39
Heavyweights Beast,Documentary,4.99,25.99,23,123.78,5.3817
Daisy Menagerie,Sci-Fi,4.99,9.99,16,85.86,5.3663
Snatch Slipper,Comedy,4.99,15.99,22,117.8,5.3545
High Encino,Horror,2.99,23.99,22,117.79,5.3541
Trading Pinocchio,Sports,4.99,22.99,25,133.77,5.3508
Impossible Prejudice,Foreign,4.99,11.99,14,74.86,5.3471
Spice Sorority,Drama,4.99,22.99,20,106.81,5.3405
Yentl Idaho,Horror,4.99,11.99,23,122.79,5.3387
Pity Bound,Drama,4.99,19.99,26,138.77,5.3373
Stagecoach Armageddon,Action,4.99,25.99,26,138.77,5.3373
Edge Kissing,Drama,4.99,9.99,15,79.87,5.3247
Betrayed Rear,Children,4.99,26.99,15,79.87,5.3247
Reds Pocus,Music,4.99,23.99,9,47.92,5.3244
Cat Coneheads,Comedy,4.99,14.99,30,159.73,5.3243
Agent Truman,Foreign,2.99,17.99,21,111.81,5.3243
Kramer Chocolate,Sports,2.99,24.99,9,47.91,5.3233
Desperate Trainspotting,Travel,4.99,29.99,6,31.94,5.3233
Inch Jet,Animation,4.99,18.99,18,95.82,5.3233
Haunted Antitrust,Travel,4.99,13.99,6,31.94,5.3233
Goodfellas Salute,Sci-Fi,4.99,22.99,31,164.75,5.3145
Conquerer Nuts,Drama,4.99,14.99,16,84.87,5.3044
Chicago North,Games,4.99,11.99,16,84.85,5.3031
Fellowship Autumn,Travel,4.99,9.99,26,137.76,5.2985
Doubtfire Labyrinth,Foreign,4.99,16.99,10,52.91,5.291
Chasing Fight,Family,4.99,21.99,20,105.82,5.291
Reign Gentlemen,Sci-Fi,2.99,29.99,20,105.81,5.2905
Right Cranes,Classics,4.99,29.99,10,52.9,5.29
Sensibility Rear,Family,4.99,15.99,10,52.9,5.29
Early Home,Animation,4.99,27.99,7,36.94,5.2771
Outlaw Hanky,Travel,4.99,17.99,14,73.86,5.2757
Coneheads Smoochy,Drama,4.99,12.99,25,131.76,5.2704
October Submarine,Classics,4.99,10.99,11,57.9,5.2636
Submarine Bed,Comedy,4.99,21.99,15,78.87,5.258
Devil Desire,Action,4.99,12.99,15,78.86,5.2573
Forrester Comancheros,Animation,4.99,22.99,27,141.74,5.2496
Seattle Expecations,Drama,4.99,18.99,24,125.8,5.2417
Sagebrush Clueless,Documentary,2.99,28.99,16,83.86,5.2413
Punk Divorce,Animation,4.99,18.99,8,41.93,5.2413
Jerk Paycheck,Classics,2.99,13.99,20,104.81,5.2405
Hoosiers Birdcage,Foreign,2.99,12.99,8,41.92,5.24
Dorado Notting,Music,4.99,26.99,27,140.78,5.2141
Wonderful Drop,Foreign,2.99,20.99,9,46.92,5.2133
Million Ace,Classics,4.99,16.99,20,103.83,5.1915
Sleepless Monsoon,Animation,4.99,12.99,20,103.83,5.1915
Bunch Minds,Drama,2.99,13.99,5,25.95,5.19
Apache Divine,Family,4.99,16.99,31,160.72,5.1845
Casablanca Super,Travel,4.99,22.99,16,82.84,5.1775
Bowfinger Gables,Horror,4.99,19.99,11,56.89,5.1718
Fugitive Maguire,Travel,4.99,28.99,11,56.89,5.1718
Core Suit,Classics,2.99,24.99,18,92.84,5.1578
Thief Pelican,Animation,4.99,28.99,19,97.84,5.1495
Past Suicides,Foreign,4.99,17.99,13,66.88,5.1446
President Bang,Family,4.99,12.99,7,35.94,5.1343
Ghost Groundhog,Children,4.99,18.99,21,107.81,5.1338
Blindness Gun,Sci-Fi,4.99,29.99,14,71.87,5.1336
Videotape Arsenic,Games,4.99,10.99,29,148.76,5.1297
Model Fish,Children,4.99,11.99,15,76.87,5.1247
Baby Hall,Foreign,4.99,23.99,8,40.93,5.1163
Tarzan Videotape,Horror,2.99,11.99,8,40.92,5.115
Virgin Daisy,Drama,4.99,29.99,17,86.84,5.1082
Slacker Liaisons,Drama,4.99,29.99,17,86.84,5.1082
Durham Panky,Sports,4.99,14.99,26,132.76,5.1062
Brooklyn Desert,Foreign,4.99,21.99,21,106.81,5.0862
Center Dinosaur,Classics,4.99,12.99,24,121.79,5.0746
Sleeping Suspects,Horror,4.99,13.99,24,121.78,5.0742
Chamber Italian,Music,4.99,14.99,13,65.88,5.0677
Usual Untouchables,Foreign,4.99,21.99,13,65.88,5.0677
Confessions Maguire,Drama,4.99,25.99,14,70.87,5.0621
Holes Brannigan,Sports,4.99,27.99,15,75.86,5.0573
Sons Interview,Animation,2.99,11.99,15,75.85,5.0567
Secret Groundhog,Documentary,4.99,11.99,21,105.81,5.0386
Driving Polish,Music,4.99,21.99,21,105.81,5.0386
Freddy Storm,Horror,4.99,21.99,23,115.79,5.0343
Massacre Usual,Games,4.99,16.99,30,149.75,4.9917
Elf Murder,Music,4.99,19.99,7,34.94,4.9914
Darling Breaking,Games,4.99,20.99,9,44.92,4.9911
Speed Suit,Travel,4.99,19.99,9,44.92,4.9911
Gorgeous Bingo,Children,2.99,26.99,19,94.83,4.9911
Stepmom Dream,Foreign,4.99,9.99,20,99.81,4.9905
Arizona Bang,Classics,2.99,28.99,21,104.79,4.99
Hunter Alter,Documentary,2.99,21.99,5,24.95,4.99
Born Spinal,Travel,4.99,17.99,12,59.88,4.99
Traffic Hobbit,Travel,4.99,13.99,5,24.95,4.99
Lust Lock,Action,2.99,28.99,15,74.82,4.988
Strictly Scarface,Comedy,2.99,24.99,23,113.77,4.9465
Open African,Sci-Fi,4.99,16.99,21,103.81,4.9433
Candidate Perdition,Classics,2.99,10.99,18,88.82,4.9344
Dying Maker,Comedy,4.99,28.99,17,83.85,4.9324
Rules Human,Horror,4.99,19.99,16,78.87,4.9294
Scalawag Duck,Music,4.99,13.99,32,157.71,4.9284
Roses Treasure,Sports,4.99,23.99,28,137.77,4.9204
Werewolf Lola,Action,4.99,19.99,14,68.88,4.92
Daddy Pittsburgh,Comedy,4.99,26.99,13,63.89,4.9146
Bird Independence,Travel,4.99,14.99,11,53.91,4.9009
Undefeated Dalmations,Horror,4.99,22.99,21,102.81,4.8957
Madigan Dorado,Travel,4.99,20.99,10,48.92,4.892
Witches Panic,Drama,4.99,10.99,30,146.75,4.8917
Hanging Deep,Drama,4.99,18.99,19,92.85,4.8868
Lies Treatment,Drama,4.99,28.99,27,131.76,4.88
Anything Savannah,Horror,2.99,27.99,9,43.92,4.88
Drop Waterfront,Sports,4.99,20.99,9,43.92,4.88
Darn Forrester,Action,4.99,14.99,18,87.83,4.8794
Musketeers Wait,Classics,4.99,17.99,17,82.85,4.8735
Quills Bull,Documentary,4.99,19.99,16,77.87,4.8669
Records Zorro,Sports,4.99,11.99,8,38.93,4.8663
Candles Grapes,Games,4.99,15.99,23,111.8,4.8609
Falcon Volume,Animation,4.99,21.99,22,106.81,4.855
Boogie Amelie,Music,4.99,11.99,29,140.74,4.8531
Trip Newton,Action,4.99,14.99,28,135.74,4.8479
Champion Flatliners,Animation,4.99,21.99,13,62.9,4.8385
Airport Pollock,Horror,4.99,15.99,18,86.85,4.825
Temple Attraction,Horror,4.99,13.99,12,57.9,4.825
Hanover Galaxy,Music,4.99,21.99,17,81.86,4.8153
Wanda Chamber,Games,4.99,23.99,16,76.86,4.8038
Baked Cleopatra,Family,2.99,20.99,16,76.85,4.8031
Mannequin Worst,New,2.99,18.99,5,23.95,4.79
Home Pity,Music,4.99,15.99,14,66.88,4.7771
Wyoming Storm,New,4.99,29.99,13,61.89,4.7608
Orient Closer,Drama,2.99,22.99,17,80.83,4.7547
Brannigan Sunrise,New,4.99,27.99,12,56.91,4.7425
Peak Forever,Sports,4.99,25.99,20,94.82,4.741
Meet Chocolate,Foreign,2.99,26.99,12,56.89,4.7408
Massage Image,Animation,2.99,11.99,12,56.89,4.7408
Godfather Diary,New,2.99,14.99,8,37.92,4.74
Vertigo Northwest,Comedy,2.99,17.99,8,37.92,4.74
Igby Maker,Travel,4.99,12.99,19,89.83,4.7279
Coma Head,Travel,4.99,10.99,26,122.77,4.7219
North Tequila,Documentary,4.99,9.99,11,51.91,4.7191
Angels Life,New,2.99,15.99,22,103.8,4.7182
Confidential Interview,Music,4.99,13.99,29,136.76,4.7159
Heavenly Gun,Music,4.99,13.99,7,32.94,4.7057
Egg Igby,Documentary,2.99,20.99,21,98.81,4.7052
Bulworth Commandments,Games,2.99,14.99,7,32.93,4.7043
Bikini Borrowers,Animation,4.99,26.99,17,79.86,4.6976
Stage World,Comedy,2.99,19.99,10,46.9,4.69
Philadelphia Wife,Sports,4.99,16.99,23,107.8,4.687
South Wait,Action,2.99,21.99,22,102.79,4.6723
Movie Shakespeare,Family,4.99,27.99,27,125.78,4.6585
Miracle Virtual,Animation,2.99,19.99,9,41.92,4.6578
Hotel Happiness,Foreign,4.99,28.99,9,41.92,4.6578
Forrest Sons,Action,2.99,15.99,18,83.83,4.6572
Jet Neighbors,Foreign,4.99,14.99,20,92.83,4.6415
Hellfighters Sierra,Foreign,2.99,23.99,20,92.81,4.6405
Jekyll Frogmen,New,2.99,22.99,17,78.84,4.6376
Intentions Empire,Animation,2.99,13.99,17,78.83,4.6371
Elephant Trojan,Horror,4.99,24.99,14,64.9,4.6357
Iron Moon,Classics,4.99,27.99,11,50.9,4.6273
Chance Resurrection,Sports,2.99,22.99,27,124.76,4.6207
Pluto Oleander,New,4.99,9.99,16,73.87,4.6169
Soldiers Evolution,Sci-Fi,4.99,27.99,8,36.93,4.6163
Words Hunter,Music,2.99,13.99,16,73.86,4.6163
Jingle Sagebrush,Classics,4.99,29.99,13,59.89,4.6069
Lolita World,Family,2.99,25.99,10,45.91,4.591
Arachnophobia Rollercoaster,Horror,2.99,24.99,24,109.77,4.5738
Horn Working,Animation,2.99,23.99,24,109.77,4.5738
Control Anthem,Comedy,4.99,9.99,7,31.94,4.5629
Dozen Lion,Documentary,4.99,20.99,7,31.94,4.5629
Mother Oleander,Sports,0.99,20.99,14,63.87,4.5621
Wash Heavenly,Foreign,4.99,22.99,23,104.8,4.5565
Truman Crazy,Action,4.99,9.99,23,104.8,4.5565
Matrix Snowman,Foreign,4.99,9.99,9,40.92,4.5467
Platoon Instinct,New,4.99,10.99,9,40.92,4.5467
Lawless Vision,Animation,4.99,29.99,17,76.86,4.5212
Cupboard Sinners,Documentary,2.99,29.99,23,103.78,4.5122
Princess Giant,Documentary,2.99,29.99,27,121.77,4.51
Dragonfly Strangers,New,4.99,19.99,18,80.86,4.4922
Games Bowfinger,Travel,4.99,17.99,14,62.88,4.4914
Metropolis Coma,Sci-Fi,2.99,9.99,26,116.76,4.4908
Lovely Jingle,Classics,2.99,18.99,14,62.87,4.4907
Vanishing Rocky,Music,2.99,21.99,18,80.83,4.4906
Boiled Dares,Travel,4.99,13.99,15,66.87,4.458
Charade Duffel,Sci-Fi,2.99,21.99,15,66.87,4.458
Mod Secretary,Documentary,4.99,20.99,11,48.91,4.4464
Rider Caddyshack,Sports,2.99,28.99,11,48.89,4.4445
Intolerable Intentions,Documentary,4.99,20.99,9,39.93,4.4367
Legally Secretary,Children,4.99,14.99,9,39.92,4.4356
Carol Texas,Animation,2.99,15.99,18,79.83,4.435
Paradise Sabrina,Comedy,2.99,12.99,18,79.82,4.4344
Bucket Brotherhood,Travel,4.99,27.99,34,150.72,4.4329
Jeepers Wedding,Classics,2.99,29.99,16,70.87,4.4294
Lonely Elephant,Comedy,2.99,12.99,15,65.87,4.3913
Groundhog Uncut,Comedy,4.99,26.99,18,78.86,4.3811
Opposite Necklace,Family,4.99,9.99,13,56.89,4.3762
Identity Lover,Sci-Fi,2.99,12.99,13,56.88,4.3754
Gleaming Jawbreaker,Sports,2.99,25.99,29,125.72,4.3352
Madison Trap,Documentary,2.99,11.99,15,64.87,4.3247
Divine Resurrection,Games,2.99,19.99,15,64.85,4.3233
Campus Remember,Action,2.99,27.99,19,81.83,4.3068
State Wasteland,Games,2.99,13.99,13,55.89,4.2992
Run Pacific,New,0.99,25.99,10,42.91,4.291
Wars Pluto,Documentary,2.99,15.99,10,42.9,4.29
Vacation Boondock,Sci-Fi,2.99,23.99,21,89.81,4.2767
Jaws Harry,Comedy,2.99,10.99,14,59.87,4.2764
Nemo Campus,Sci-Fi,2.99,23.99,14,59.86,4.2757
Trainspotting Strangers,Comedy,4.99,10.99,11,46.91,4.2645
Bear Graceland,Children,2.99,20.99,22,93.81,4.2641
Anthem Luke,Comedy,4.99,16.99,15,63.89,4.2593
Lost Bird,Foreign,2.99,21.99,12,50.9,4.2417
Window Side,Travel,2.99,25.99,12,50.89,4.2408
Clueless Bucket,Action,2.99,13.99,25,105.77,4.2308
Snatchers Montezuma,Classics,2.99,14.99,9,37.91,4.2122
Basic Easy,Travel,2.99,18.99,21,87.8,4.181
Worst Banger,Action,2.99,26.99,16,66.85,4.1781
Bugsy Song,Foreign,2.99,17.99,11,45.91,4.1736
Ferris Mother,Comedy,2.99,13.99,17,70.85,4.1676
Salute Apollo,New,2.99,29.99,23,95.8,4.1652
Apocalypse Flamingos,New,4.99,11.99,6,24.95,4.1583
Knock Warlock,Comedy,2.99,21.99,24,99.79,4.1579
Bed Highball,Documentary,2.99,23.99,6,24.94,4.1567
Cowboy Doom,Foreign,2.99,10.99,7,28.93,4.1329
Luke Mummy,Animation,2.99,21.99,7,28.93,4.1329
Bingo Talented,Sci-Fi,2.99,22.99,29,119.75,4.1293
Patton Interview,Horror,2.99,22.99,23,94.79,4.1213
Comforts Rush,Travel,2.99,19.99,17,69.85,4.1088
Grail Frankenstein,Action,2.99,17.99,10,40.92,4.092
Jason Trap,Family,2.99,9.99,24,97.77,4.0738
Tomorrow Hustler,Classics,2.99,21.99,25,101.76,4.0704
Samurai Lion,New,2.99,21.99,25,101.76,4.0704
Purple Movie,Foreign,2.99,9.99,13,52.88,4.0677
Turn Star,Animation,2.99,10.99,14,56.88,4.0629
Pulp Beverly,Horror,2.99,12.99,30,121.74,4.058
Idaho Love,New,2.99,25.99,17,68.85,4.05
Hope Tootsie,Classics,2.99,22.99,18,72.83,4.0461
National Story,Documentary,2.99,19.99,19,76.83,4.0437
Hanky October,Sci-Fi,2.99,26.99,26,104.77,4.0296
Hollow Jeopardy,Sci-Fi,4.99,25.99,10,39.92,3.992
Jacket Frisco,Drama,2.99,16.99,18,71.84,3.9911
Rollercoaster Bringing,Horror,2.99,13.99,10,39.91,3.991
Potluck Mixed,Animation,2.99,10.99,11,43.9,3.9909
African Egg,Family,2.99,22.99,12,47.89,3.9908
Manchurian Curtain,Family,2.99,27.99,15,59.86,3.9907
Weekend Personal,Sci-Fi,2.99,26.99,18,71.83,3.9906
Star Operation,Sports,2.99,9.99,21,83.8,3.9905
Trojan Tomorrow,Sci-Fi,2.99,9.99,19,75.82,3.9905
Balloon Homeward,Music,2.99,10.99,23,91.78,3.9904
Analyze Hoosiers,Horror,2.99,19.99,14,55.86,3.99
Mixed Doors,Foreign,2.99,26.99,4,15.96,3.99
Hardly Robbers,Documentary,2.99,15.99,4,15.96,3.99
Cassidy Wyoming,Travel,2.99,19.99,6,23.94,3.99
Squad Fish,Sports,2.99,14.99,7,27.93,3.99
Destination Jerk,Drama,0.99,19.99,8,31.92,3.99
Saints Bride,Drama,2.99,11.99,8,31.92,3.99
Suspects Quills,Action,2.99,22.99,30,118.73,3.9577
Fargo Gandhi,Children,2.99,28.99,24,94.79,3.9496
Remember Diary,Family,2.99,15.99,18,70.83,3.935
Zoolander Fiction,Children,2.99,28.99,17,66.85,3.9324
Egypt Tenenbaums,Horror,0.99,11.99,17,66.84,3.9318
Gaslight Crusade,Horror,2.99,10.99,16,62.84,3.9275
Reap Unfaithful,Horror,2.99,26.99,16,62.84,3.9275
Sweet Brotherhood,Travel,2.99,27.99,15,58.89,3.926
Nash Chocolat,Animation,2.99,21.99,15,58.87,3.9247
Chisum Behavior,Family,4.99,25.99,13,50.9,3.9154
Northwest Polish,Sports,2.99,24.99,20,77.82,3.891
Flying Hook,Animation,2.99,18.99,20,77.81,3.8905
Harper Dying,Animation,0.99,15.99,20,77.8,3.89
Quest Mussolini,Action,2.99,29.99,20,77.8,3.89
Fantasia Park,Games,2.99,29.99,19,73.81,3.8847
Instinct Airport,Sports,2.99,21.99,18,69.83,3.8794
Jumanji Blade,New,2.99,13.99,8,30.92,3.865
Sierra Divide,Sports,0.99,12.99,15,57.85,3.8567
Sea Virgin,Drama,2.99,24.99,22,84.81,3.855
Alien Center,Foreign,2.99,10.99,22,84.8,3.8545
Exorcist Sting,Sports,2.99,17.99,13,49.88,3.8369
Extraordinary Conquerer,Classics,2.99,29.99,6,22.94,3.8233
Happiness United,Foreign,2.99,23.99,6,22.94,3.8233
Brotherhood Blanket,Documentary,0.99,26.99,26,98.77,3.7988
Life Twisted,Comedy,2.99,9.99,10,37.92,3.792
Fish Opus,Sci-Fi,2.99,22.99,25,94.78,3.7912
Ice Crossing,Games,2.99,28.99,24,90.78,3.7825
Shane Darkness,Travel,2.99,22.99,14,52.87,3.7764
Maguire Apache,Family,2.99,22.99,9,33.91,3.7678
Network Peak,Family,2.99,23.99,31,116.73,3.7655
Artist Coldblooded,Sports,2.99,10.99,16,59.86,3.7413
Invasion Cyclone,Children,2.99,12.99,27,100.74,3.7311
Frida Slipper,Foreign,2.99,11.99,11,40.9,3.7182
Pollock Deliverance,Foreign,2.99,14.99,18,66.82,3.7122
Wonka Sea,Animation,2.99,24.99,18,66.82,3.7122
Pizza Jumanji,Games,2.99,11.99,7,25.94,3.7057
Potter Connecticut,Animation,2.99,16.99,17,62.85,3.6971
Elizabeth Shane,Sports,4.99,11.99,10,36.93,3.693
Hyde Doctor,Classics,2.99,11.99,26,95.76,3.6831
Sleepy Japanese,New,2.99,25.99,21,76.83,3.6586
Unbreakable Karate,New,0.99,16.99,21,76.81,3.6576
Oz Liaisons,Animation,2.99,14.99,24,87.78,3.6575
Color Philadelphia,Classics,2.99,19.99,24,87.78,3.6575
Warlock Werewolf,Children,2.99,10.99,6,21.94,3.6567
Killer Innocent,Family,2.99,11.99,6,21.94,3.6567
Badman Dawn,Sci-Fi,2.99,22.99,21,76.79,3.6567
Phantom Glory,New,2.99,17.99,6,21.94,3.6567
Affair Prejudice,Horror,2.99,26.99,23,83.79,3.643
Lord Arizona,Action,2.99,27.99,11,39.9,3.6273
Butterfly Chocolat,New,0.99,17.99,30,108.74,3.6247
Eyes Driving,Sci-Fi,2.99,13.99,19,68.84,3.6232
Untouchables Sunrise,Documentary,2.99,11.99,8,28.93,3.6163
Chitty Lock,Drama,2.99,24.99,8,28.92,3.615
Blues Instinct,Family,2.99,18.99,21,75.82,3.6105
Giant Troopers,Children,2.99,10.99,28,100.74,3.5979
Circus Youth,Children,2.99,13.99,15,53.86,3.5907
Noon Papi,Children,2.99,12.99,17,60.85,3.5794
Greatest North,Music,2.99,24.99,29,103.73,3.5769
Crossroads Casualties,Animation,2.99,20.99,21,74.8,3.5619
Creatures Shakespeare,Games,0.99,23.99,16,56.84,3.5525
Metal Armageddon,Documentary,2.99,26.99,25,88.79,3.5516
Telemark Heartbreakers,Animation,2.99,9.99,25,88.76,3.5504
Gangs Pride,Animation,2.99,27.99,27,95.78,3.5474
Random Go,Sci-Fi,2.99,29.99,9,31.91,3.5456
Darkness War,Drama,2.99,24.99,13,45.88,3.5292
Wait Cider,Animation,0.99,9.99,21,73.82,3.5152
Spy Mile,Games,2.99,13.99,27,94.73,3.5085
Duck Racer,Animation,2.99,15.99,6,20.95,3.4917
Papi Necklace,Travel,0.99,9.99,8,27.93,3.4913
Driver Annie,Sports,2.99,11.99,18,62.84,3.4911
Shakespeare Saddle,Sports,2.99,26.99,22,76.8,3.4909
Speakeasy Date,Action,2.99,22.99,12,41.89,3.4908
Mummy Creatures,Sports,0.99,15.99,16,55.85,3.4906
Camelot Vacation,Sci-Fi,0.99,26.99,27,93.76,3.4726
Berets Agent,Action,2.99,24.99,21,72.8,3.4667
Ridgemont Submarine,New,0.99,28.99,32,110.72,3.46
Hurricane Affair,Comedy,2.99,11.99,24,82.77,3.4488
Prix Undefeated,Family,2.99,13.99,11,37.9,3.4455
Bringing Hysterical,Comedy,2.99,14.99,20,68.81,3.4405
Alone Trip,Music,0.99,14.99,18,61.83,3.435
Murder Antitrust,Children,2.99,11.99,23,78.79,3.4257
Doctor Grail,Children,2.99,29.99,7,23.95,3.4214
Madre Gables,Games,2.99,27.99,14,47.87,3.4193
Flatliners Killer,Sports,2.99,29.99,22,74.81,3.4005
Barbarella Streetcar,Sci-Fi,2.99,27.99,25,84.78,3.3912
Wagon Jaws,Documentary,2.99,17.99,10,33.91,3.391
Dinosaur Secretary,Family,2.99,27.99,20,67.81,3.3905
Full Flatliners,Children,2.99,14.99,5,16.95,3.39
Conspiracy Spirit,Classics,2.99,27.99,5,16.95,3.39
Braveheart Human,Family,2.99,14.99,5,16.95,3.39
Expendable Stallion,Documentary,0.99,14.99,28,94.74,3.3836
Microcosmos Paradise,Children,2.99,22.99,13,43.88,3.3754
Amistad Midsummer,New,2.99,10.99,21,70.79,3.371
Unfaithful Kill,Drama,2.99,12.99,8,26.92,3.365
Pet Haunting,Foreign,0.99,11.99,8,26.92,3.365
Bill Others,Documentary,2.99,12.99,19,63.82,3.3589
Dream Pickup,Action,2.99,18.99,22,73.8,3.3545
Drumline Cyclone,Travel,0.99,14.99,11,36.9,3.3545
Oscar Gold,Animation,2.99,29.99,25,83.75,3.35
Shrunk Divine,Action,2.99,14.99,14,46.87,3.3479
Alley Evolution,Foreign,2.99,23.99,14,46.87,3.3479
Town Ark,Foreign,2.99,17.99,14,46.87,3.3479
Troopers Metal,New,0.99,20.99,14,46.86,3.3471
Seabiscuit Punk,Sports,2.99,28.99,26,86.76,3.3369
Valley Packer,Comedy,0.99,21.99,15,49.88,3.3253
English Bulworth,Sci-Fi,0.99,18.99,30,99.74,3.3247
Strangelove Desire,Children,0.99,27.99,24,79.78,3.3242
Barefoot Manchurian,Action,2.99,15.99,18,59.83,3.3239
Wisdom Worker,Comedy,0.99,12.99,9,29.91,3.3233
Timberland Sky,Classics,0.99,13.99,31,102.74,3.3142
Fatal Haunted,New,2.99,24.99,28,92.77,3.3132
Neighbors Charade,Sports,0.99,20.99,19,62.83,3.3068
Willow Tracy,Family,2.99,22.99,16,52.85,3.3031
Patriot Roman,Action,2.99,12.99,16,52.85,3.3031
Express Lonely,Sci-Fi,2.99,23.99,13,42.88,3.2985
Maker Gables,Children,0.99,12.99,10,32.9,3.29
Beach Heartbreakers,Documentary,2.99,16.99,17,55.86,3.2859
Greek Everyone,Foreign,2.99,11.99,17,55.83,3.2841
Lesson Cleopatra,Sports,0.99,28.99,7,22.94,3.2771
Bang Kwai,Family,2.99,25.99,7,22.93,3.2757
Newsies Story,Documentary,0.99,25.99,7,22.93,3.2757
Monster Spartacus,Music,2.99,28.99,15,48.86,3.2573
Pond Seattle,Animation,2.99,25.99,19,61.82,3.2537
Pilot Hoosiers,Family,2.99,17.99,16,51.86,3.2413
Moulin Wake,Travel,0.99,20.99,16,51.84,3.24
Desire Alien,Animation,2.99,24.99,8,25.92,3.24
Sweethearts Suspects,Children,0.99,13.99,29,93.73,3.2321
Shock Cabin,Foreign,2.99,15.99,30,96.71,3.2237
Breaking Home,New,2.99,21.99,13,41.9,3.2231
Date Speed,Family,0.99,19.99,13,41.88,3.2215
Party Knock,Comedy,2.99,11.99,13,41.88,3.2215
Dwarfs Alter,Games,2.99,13.99,9,28.92,3.2133
Won Dares,Music,2.99,18.99,9,28.91,3.2122
Forward Temple,Games,2.99,25.99,32,102.74,3.2106
Earring Instinct,Family,0.99,22.99,19,60.83,3.2016
Dirty Ace,Games,2.99,29.99,15,47.87,3.1913
Worker Tarzan,Travel,2.99,26.99,15,47.86,3.1907
Mussolini Spoilers,Sports,2.99,10.99,5,15.95,3.19
Magnolia Forrester,Action,0.99,28.99,11,34.89,3.1718
Perfect Groove,Comedy,2.99,17.99,17,53.84,3.1671
Atlantis Cause,Family,2.99,15.99,24,75.79,3.1579
Boulevard Mob,New,0.99,11.99,18,56.84,3.1578
Simon North,Horror,0.99,26.99,6,18.94,3.1567
Rushmore Mermaid,Comedy,2.99,17.99,6,18.94,3.1567
Honey Ties,Sports,0.99,29.99,19,59.84,3.1495
Clones Pinocchio,Music,2.99,16.99,19,59.83,3.1489
Forever Candidate,Children,2.99,28.99,13,40.88,3.1446
Wrong Behavior,Children,2.99,10.99,20,62.8,3.14
Divorce Shining,Sports,2.99,21.99,7,21.95,3.1357
Leathernecks Dwarfs,Travel,2.99,21.99,7,21.94,3.1343
Chariots Conspiracy,Sci-Fi,2.99,29.99,21,65.81,3.1338
Personal Ladybugs,Music,0.99,19.99,14,43.87,3.1336
Mulholland Beast,Foreign,2.99,13.99,7,21.93,3.1329
Shanghai Tycoon,Travel,2.99,20.99,14,43.86,3.1329
World Leathernecks,Horror,0.99,13.99,8,24.92,3.115
Clash Freddy,Animation,2.99,12.99,25,77.77,3.1108
Dolls Rage,Sci-Fi,2.99,10.99,9,27.92,3.1022
Fury Murder,Children,0.99,28.99,19,58.83,3.0963
Fiction Christmas,Foreign,0.99,14.99,19,58.81,3.0953
Blood Argonauts,Family,0.99,13.99,10,30.93,3.093
Insider Arizona,Music,2.99,17.99,20,61.83,3.0915
Cranes Reservoir,Sports,2.99,12.99,11,33.91,3.0827
Trouble Date,Travel,2.99,13.99,23,70.81,3.0787
Gentlemen Stage,Foreign,2.99,22.99,23,70.8,3.0783
Others Soup,Travel,2.99,18.99,23,70.8,3.0783
Spinal Rocky,Family,2.99,12.99,13,39.87,3.0669
Uncut Suicides,Music,2.99,29.99,14,42.87,3.0621
Stock Glass,New,2.99,10.99,14,42.87,3.0621
Grit Clockwork,Games,0.99,21.99,32,97.72,3.0538
Varsity Trip,New,2.99,14.99,16,48.84,3.0525
Racer Egg,Drama,2.99,19.99,18,54.83,3.0461
Contact Anonymous,Travel,2.99,10.99,26,78.76,3.0292
Tracy Cider,Animation,0.99,29.99,26,78.76,3.0292
Gone Trouble,Drama,2.99,20.99,10,29.92,2.992
Halloween Nuts,Documentary,2.99,19.99,10,29.92,2.992
Jade Bunch,Sports,2.99,21.99,18,53.85,2.9917
Wardrobe Phantom,Drama,2.99,19.99,27,80.77,2.9915
Lebowski Soldiers,Drama,2.99,17.99,21,62.82,2.9914
Wedding Apollo,Documentary,0.99,14.99,24,71.79,2.9913
Disturbing Scarface,Sci-Fi,2.99,27.99,26,77.77,2.9912
Dares Pluto,Animation,2.99,16.99,9,26.92,2.9911
Cider Desire,Documentary,2.99,9.99,19,56.83,2.9911
Reservoir Adaptation,Foreign,2.99,29.99,10,29.91,2.991
Stone Fire,Travel,0.99,19.99,11,32.9,2.9909
Escape Metropolis,Travel,2.99,20.99,25,74.77,2.9908
Spiking Element,Classics,2.99,12.99,13,38.88,2.9908
Ship Wonderland,Documentary,2.99,15.99,15,44.86,2.9907
Operation Operation,Comedy,2.99,23.99,27,80.75,2.9907
Crazy Home,Comedy,2.99,24.99,9,26.91,2.99
Glory Tracy,Games,2.99,13.99,5,14.95,2.99
Clyde Theory,New,0.99,29.99,8,23.92,2.99
Chaplin License,New,2.99,26.99,8,23.92,2.99
Ladybugs Armageddon,Games,0.99,13.99,6,17.94,2.99
Rocketeer Mother,Foreign,0.99,27.99,33,97.72,2.9612
Idols Snatchers,Children,2.99,29.99,30,88.76,2.9587
None Spiking,Sci-Fi,0.99,18.99,27,79.75,2.9537
Island Exorcist,Classics,2.99,23.99,26,76.77,2.9527
Divide Monster,Sci-Fi,2.99,13.99,21,61.8,2.9429
Excitement Eve,Action,0.99,20.99,21,61.8,2.9429
Mask Peach,New,2.99,26.99,17,49.86,2.9329
Caddyshack Jedi,Action,0.99,17.99,16,46.86,2.9288
Indian Love,Family,0.99,26.99,16,46.85,2.9281
Cyclone Family,Foreign,2.99,18.99,15,43.87,2.9247
Paris Weekend,Horror,2.99,19.99,14,40.88,2.92
Blackout Private,Animation,2.99,12.99,27,78.77,2.9174
Malkovich Pet,Classics,2.99,22.99,26,75.77,2.9142
Downhill Enough,Comedy,0.99,19.99,25,72.79,2.9116
Adaptation Holes,Documentary,2.99,18.99,12,34.89,2.9075
Feathers Metal,Games,0.99,12.99,11,31.91,2.9009
Song Hedwig,Music,0.99,29.99,11,31.9,2.9
Muscle Bright,Travel,2.99,23.99,30,86.73,2.891
Jeopardy Encino,Classics,0.99,12.99,10,28.9,2.89
Rouge Squad,Games,0.99,10.99,18,51.84,2.88
Enough Raging,Travel,2.99,16.99,18,51.84,2.88
Horror Reign,Travel,0.99,25.99,27,77.75,2.8796
Lose Inch,Foreign,0.99,18.99,27,77.74,2.8793
Rock Instinct,Horror,0.99,28.99,17,48.83,2.8724
Uprising Uptown,Action,2.99,16.99,16,45.87,2.8669
Shining Roses,Travel,0.99,12.99,8,22.92,2.865
House Dynamite,Family,2.99,13.99,23,65.8,2.8609
Snowman Rollercoaster,Animation,0.99,27.99,23,65.79,2.8604
Scissorhands Slums,Foreign,2.99,13.99,15,42.88,2.8587
Modern Dorado,Documentary,0.99,20.99,15,42.88,2.8587
Entrapment Satisfaction,Action,0.99,19.99,15,42.87,2.858
Hamlet Wisdom,Sci-Fi,2.99,21.99,14,39.88,2.8486
Pajama Jawbreaker,Classics,0.99,14.99,14,39.86,2.8471
River Outlaw,Sports,0.99,29.99,20,56.82,2.841
Half Outfield,Family,2.99,25.99,26,73.79,2.8381
Mallrats United,Comedy,0.99,25.99,25,70.78,2.8312
Blanket Beverly,Family,2.99,21.99,12,33.9,2.825
Married Go,Sci-Fi,2.99,22.99,30,84.74,2.8247
Jumping Wrath,Children,0.99,18.99,24,67.79,2.8246
Goldfinger Sensibility,Drama,0.99,29.99,24,67.79,2.8246
Youth Kick,Music,0.99,14.99,6,16.94,2.8233
Theory Mermaid,Animation,0.99,9.99,11,30.88,2.8073
Doom Dancing,Comedy,0.99,13.99,21,58.83,2.8014
Antitrust Tomatoes,Action,2.99,11.99,10,27.93,2.793
Labyrinth League,Children,2.99,24.99,15,41.87,2.7913
Straight Hours,Sports,0.99,19.99,20,55.81,2.7905
Heaven Freedom,Comedy,2.99,19.99,18,49.85,2.7694
Diary Panic,Drama,2.99,20.99,9,24.92,2.7689
Robbers Joon,Children,2.99,26.99,31,85.74,2.7658
Sinners Atlantis,Horror,2.99,19.99,22,60.81,2.7641
Newton Labyrinth,Foreign,0.99,9.99,17,46.84,2.7553
Fireball Philadelphia,Comedy,0.99,25.99,21,57.81,2.7529
Outfield Massacre,Music,0.99,18.99,20,54.82,2.741
Dalmations Sweden,Drama,0.99,25.99,20,54.82,2.741
Wasteland Divine,Classics,2.99,18.99,15,40.88,2.7253
Hunting Musketeers,Family,2.99,24.99,15,40.88,2.7253
Homicide Peach,Family,2.99,21.99,22,59.82,2.7191
Santa Paris,Children,2.99,23.99,11,29.9,2.7182
Deer Virginian,Music,2.99,13.99,29,78.76,2.7159
Juggler Hardly,Animation,0.99,14.99,32,86.71,2.7097
Menagerie Rushmore,Animation,2.99,18.99,7,18.94,2.7057
Graduate Lord,Children,2.99,14.99,16,42.87,2.6794
Lock Rear,Travel,2.99,10.99,16,42.86,2.6788
Chicken Hellfighters,Documentary,0.99,24.99,22,58.81,2.6732
Packer Madigan,Animation,0.99,20.99,22,58.8,2.6727
Hedwig Alter,Comedy,2.99,16.99,12,31.9,2.6583
Mighty Luck,Documentary,2.99,13.99,12,31.9,2.6583
Cabin Flash,Children,0.99,25.99,15,39.86,2.6573
Birdcage Casper,Music,0.99,23.99,9,23.91,2.6567
Wild Apollo,New,0.99,24.99,6,15.94,2.6567
Rush Goodfellas,Family,0.99,20.99,31,81.72,2.6361
Madness Attacks,Foreign,0.99,14.99,25,65.77,2.6308
Novocaine Flight,Sports,0.99,11.99,19,49.82,2.6221
Mile Mulan,Sports,0.99,10.99,13,33.89,2.6069
Grapes Fury,Foreign,0.99,20.99,22,56.77,2.5805
Freaky Pocus,Music,2.99,16.99,17,43.86,2.58
United Pilot,Documentary,0.99,27.99,17,43.85,2.5794
Orange Grapes,Foreign,0.99,21.99,24,61.78,2.5742
Glass Dying,Action,0.99,24.99,14,35.88,2.5629
License Weekend,Sci-Fi,2.99,28.99,7,17.94,2.5629
Magic Mallrats,Children,0.99,19.99,7,17.93,2.5614
Reunion Witches,Drama,0.99,26.99,20,50.82,2.541
Dragon Squad,Action,0.99,26.99,11,27.89,2.5355
Lucky Flying,Music,2.99,10.99,13,32.9,2.5308
Robbery Bright,Family,0.99,21.99,13,32.88,2.5292
Shrek License,Foreign,2.99,15.99,15,37.88,2.5253
Gables Metropolis,Family,0.99,17.99,19,47.83,2.5174
Uptown Young,Children,2.99,16.99,12,29.9,2.4917
Oleander Clue,Music,0.99,12.99,10,24.91,2.491
Donnie Alley,Animation,0.99,20.99,14,34.87,2.4907
Frost Head,Classics,0.99,13.99,30,74.72,2.4907
Chocolat Harry,Family,0.99,16.99,20,49.81,2.4905
Side Ark,Action,0.99,28.99,12,29.88,2.49
Sling Luke,Classics,0.99,10.99,6,14.94,2.49
Anaconda Confessions,Animation,0.99,9.99,21,51.82,2.4676
Necklace Outbreak,Drama,0.99,21.99,15,36.86,2.4573
Natural Stock,Family,0.99,24.99,13,31.88,2.4523
Fight Jawbreaker,Animation,0.99,13.99,22,53.8,2.4455
Kick Savannah,Travel,0.99,10.99,20,48.83,2.4415
Dynamite Tarzan,Classics,0.99,27.99,25,60.77,2.4308
Splash Gump,Family,0.99,16.99,14,33.86,2.4186
Swarm Gold,Horror,0.99,12.99,27,64.77,2.3989
Mulan Moon,Comedy,0.99,10.99,13,30.89,2.3762
Hours Rage,New,0.99,14.99,19,44.82,2.3589
Hills Neighbors,Action,0.99,29.99,25,58.79,2.3516
Saddle Antitrust,Comedy,2.99,10.99,14,32.89,2.3493
Stampede Disturbing,Games,0.99,26.99,14,32.86,2.3471
Mob Duffel,Drama,0.99,25.99,12,27.9,2.325
Illusion Amelie,Foreign,0.99,15.99,15,34.87,2.3247
Detective Vision,Classics,0.99,16.99,27,62.76,2.3244
Sleuth Orient,Games,0.99,25.99,21,48.81,2.3243
Minority Kiss,Music,0.99,16.99,12,27.89,2.3242
Loathing Legally,Classics,0.99,29.99,27,62.74,2.3237
Dumbo Lust,Family,0.99,17.99,6,13.94,2.3233
Watership Frontier,Horror,0.99,28.99,6,13.94,2.3233
Annie Identity,Sci-Fi,0.99,15.99,22,50.81,2.3095
Army Flintstones,Documentary,0.99,22.99,16,36.86,2.3038
Midnight Westward,Action,0.99,19.99,17,38.84,2.2847
Double Wrath,Animation,0.99,28.99,25,56.79,2.2716
Groove Fiction,Sports,0.99,13.99,18,40.83,2.2683
Graffiti Love,Sci-Fi,0.99,29.99,30,67.74,2.258
Rugrats Shakespeare,Action,0.99,16.99,30,67.72,2.2573
Karate Moon,Horror,0.99,21.99,23,51.8,2.2522
Finding Anaconda,Family,0.99,10.99,12,26.9,2.2417
Mockingbird Hollywood,Action,0.99,27.99,24,53.78,2.2408
Evolution Alter,Sports,0.99,10.99,12,26.88,2.24
Roots Remember,Classics,0.99,23.99,17,37.86,2.2271
Joon Northwest,Sports,0.99,23.99,17,37.84,2.2259
Hobbit Alien,Drama,0.99,27.99,31,68.74,2.2174
Luck Opus,Drama,2.99,21.99,10,21.93,2.193
Go Purple,Music,0.99,12.99,20,43.83,2.1915
Pirates Roxanne,Sports,0.99,20.99,21,45.81,2.1814
Haunting Pianist,Games,0.99,22.99,22,47.8,2.1727
Reef Salute,Horror,0.99,26.99,11,23.89,2.1718
Majestic Floats,Documentary,0.99,15.99,17,36.85,2.1676
Vanished Garden,New,0.99,17.99,7,14.94,2.1343
Rings Heartbreakers,Action,0.99,17.99,15,31.87,2.1247
Watch Tracy,Animation,0.99,12.99,16,33.85,2.1156
Bound Cheaper,Classics,0.99,17.99,24,50.76,2.115
Tights Dawn,Sports,0.99,14.99,26,54.76,2.1062
Impact Aladdin,Music,0.99,20.99,9,18.92,2.1022
Disciple Mother,Travel,0.99,17.99,19,39.82,2.0958
Family Sweet,Horror,0.99,24.99,29,60.73,2.0941
Dances None,Action,0.99,22.99,14,28.87,2.0621
Summer Scarface,Classics,0.99,25.99,16,32.86,2.0538
Taxi Kick,Music,0.99,23.99,17,34.83,2.0488
Insects Stone,Animation,0.99,14.99,18,36.81,2.045
Encounters Curtain,Drama,0.99,20.99,19,38.82,2.0432
Club Graffiti,Animation,0.99,12.99,19,38.82,2.0432
Tramp Others,Comedy,0.99,27.99,20,40.82,2.041
Slums Duck,Family,0.99,21.99,24,48.78,2.0325
Sun Confessions,Sci-Fi,0.99,9.99,25,50.77,2.0308
Holy Tadpole,Classics,0.99,20.99,9,17.92,1.9911
Bonnie Holocaust,Documentary,0.99,29.99,16,31.85,1.9906
Armageddon Lost,Sci-Fi,0.99,10.99,21,41.8,1.9905
Gilbert Pelican,Classics,0.99,13.99,9,17.91,1.99
Gunfight Moon,Comedy,0.99,16.99,24,46.79,1.9496
Splendor Patton,Children,0.99,20.99,21,40.79,1.9424
Sundance Invasion,Children,0.99,21.99,19,36.82,1.9379
Tootsie Pilot,Children,0.99,10.99,15,28.88,1.9253
Drums Dynamite,Horror,0.99,11.99,13,24.87,1.9131
Savannah Town,Drama,0.99,25.99,12,22.9,1.9083
Mourning Purple,Sci-Fi,0.99,14.99,21,39.81,1.8957
Spoilers Hellfighters,Documentary,0.99,26.99,10,18.91,1.891
Gilmore Boiled,Classics,0.99,29.99,28,52.76,1.8843
Lion Uncut,Comedy,0.99,13.99,18,33.83,1.8794
Runner Madigan,Music,0.99,27.99,8,14.92,1.865
Kwai Homeward,Drama,0.99,25.99,23,42.8,1.8609
Banger Pinocchio,Music,0.99,15.99,22,40.8,1.8545
Hawk Chill,Documentary,0.99,12.99,7,12.94,1.8486
Pianist Outfield,New,0.99,25.99,21,38.78,1.8467
Dancing Fever,Documentary,0.99,25.99,27,49.76,1.843
Intrigue Worst,Foreign,0.99,10.99,20,36.81,1.8405
Jungle Closer,New,0.99,11.99,13,23.88,1.8369
Independence Hotel,Documentary,0.99,21.99,19,34.82,1.8326
Pacific Amistad,Documentary,0.99,27.99,24,43.81,1.8254
Factory Dragon,Travel,0.99,9.99,17,30.85,1.8147
Handicap Boondock,Action,0.99,28.99,28,50.76,1.8129
Gathering Calendar,Games,0.99,22.99,11,19.9,1.8091
Coast Rainbow,Documentary,0.99,20.99,21,37.82,1.801
Mystic Truman,Comedy,0.99,19.99,10,17.92,1.792
Notorious Reunion,Documentary,0.99,9.99,14,24.87,1.7764
Everyone Craft,Foreign,0.99,29.99,13,22.89,1.7608
Translation Summer,Drama,0.99,10.99,15,25.87,1.7247
Language Cowboy,Children,0.99,26.99,11,18.9,1.7182
Spirited Casualties,Sci-Fi,0.99,20.99,11,18.9,1.7182
Vision Torque,Foreign,0.99,16.99,7,11.94,1.7057
Louisiana Harry,Family,0.99,18.99,17,28.84,1.6965
Superfly Trip,Travel,0.99,27.99,10,16.91,1.691
Frogmen Breaking,Travel,0.99,17.99,10,16.9,1.69
Beneath Rush,Children,0.99,27.99,10,16.9,1.69
Women Dorado,Action,0.99,23.99,23,38.81,1.6874
Crooked Frogmen,Children,0.99,27.99,23,38.79,1.6865
Arabia Dogma,Horror,0.99,29.99,13,21.88,1.6831
Citizen Shrek,Sci-Fi,0.99,18.99,13,21.87,1.6823
Voice Peach,New,0.99,22.99,19,31.83,1.6753
Comancheros Enemy,Children,0.99,23.99,6,9.94,1.6567
Sorority Queen,Foreign,0.99,17.99,12,19.88,1.6567
Virginian Pluto,Documentary,0.99,22.99,29,47.75,1.6466
Rear Trading,Action,0.99,23.99,17,27.85,1.6382
Wrath Mile,Documentary,0.99,17.99,14,22.87,1.6336
Effect Gladiator,Family,0.99,14.99,25,40.79,1.6316
Ending Crowds,New,0.99,10.99,11,17.9,1.6273
Mars Roman,Games,0.99,21.99,19,30.83,1.6226
Goldmine Tycoon,Sci-Fi,0.99,20.99,27,43.76,1.6207
Motions Details,Horror,0.99,16.99,16,25.87,1.6169
Caper Motions,Comedy,0.99,22.99,24,37.77,1.5738
Roxanne Rebel,Games,0.99,9.99,19,29.83,1.57
Pocus Pulp,Documentary,0.99,15.99,26,40.75,1.5673
Amadeus Holy,Action,0.99,20.99,21,32.8,1.5619
Slipper Fidelity,Sports,0.99,14.99,16,24.86,1.5538
Cleopatra Devil,New,0.99,26.99,18,27.85,1.5472
Cheaper Clyde,Sci-Fi,0.99,23.99,20,30.83,1.5415
Beethoven Exorcist,Drama,0.99,26.99,11,16.89,1.5355
Shootist Superfly,Drama,0.99,22.99,24,36.77,1.5321
Monterey Labyrinth,Horror,0.99,13.99,13,19.89,1.53
Hunger Roof,Foreign,0.99,21.99,13,19.88,1.5292
Tenenbaums Command,Drama,0.99,24.99,13,19.88,1.5292
Voyage Legally,Classics,0.99,28.99,28,42.75,1.5268
Chainsaw Uptown,Sci-Fi,0.99,25.99,21,31.81,1.5148
Earth Vision,New,0.99,29.99,23,34.77,1.5117
Carrie Bunch,Horror,0.99,11.99,23,34.77,1.5117
Volcano Texas,Games,0.99,27.99,22,32.81,1.4914
Runaway Tenenbaums,New,0.99,17.99,8,11.93,1.4913
Sunset Racer,Family,0.99,28.99,8,11.93,1.4913
Soup Wisdom,Family,0.99,12.99,8,11.93,1.4913
Homeward Cider,Documentary,0.99,19.99,16,23.84,1.49
Storm Happiness,Animation,0.99,28.99,29,42.74,1.4738
Academy Dinosaur,Documentary,0.99,20.99,23,33.79,1.4691
Wind Phantom,Games,0.99,12.99,23,33.79,1.4691
Canyon Stock,Animation,0.99,26.99,19,27.81,1.4637
Encino Elf,Games,0.99,9.99,19,27.81,1.4637
Vietnam Smoochy,Drama,0.99,27.99,15,21.86,1.4573
Alaska Phantom,Music,0.99,22.99,26,37.77,1.4527
Congeniality Quest,Sports,0.99,21.99,22,31.81,1.4459
Legend Jedi,Music,0.99,18.99,9,12.92,1.4356
Victory Academy,Sports,0.99,19.99,9,12.91,1.4344
Tomatoes Hellfighters,Travel,0.99,23.99,14,19.86,1.4186
Westward Seabiscuit,Classics,0.99,11.99,26,36.75,1.4135
Loverboy Attacks,New,0.99,19.99,12,16.89,1.4075
Holocaust Highball,Children,0.99,12.99,17,23.84,1.4024
Alter Victory,Animation,0.99,27.99,22,30.8,1.4
Room Roman,Animation,0.99,27.99,20,27.82,1.391
Outbreak Divine,Games,0.99,12.99,23,31.82,1.3835
Fantasy Troopers,Action,0.99,27.99,26,35.79,1.3765
Anonymous Human,Sports,0.99,12.99,13,17.87,1.3746
Hook Chariots,Animation,0.99,23.99,13,17.87,1.3746
Maude Mod,Foreign,0.99,20.99,8,10.93,1.3663
Bull Shawshank,Action,0.99,21.99,16,21.84,1.365
Primary Glass,Action,0.99,16.99,27,36.73,1.3604
Blade Polish,Drama,0.99,10.99,22,29.81,1.355
Chill Luck,Drama,0.99,17.99,22,29.79,1.3541
Odds Boogie,Family,0.99,14.99,15,19.87,1.3247
Highball Potter,Foreign,0.99,10.99,21,27.81,1.3243
Grease Youth,Family,0.99,20.99,21,27.8,1.3238
Montezuma Command,Action,0.99,22.99,9,11.91,1.3233
Japanese Run,Horror,0.99,29.99,6,7.94,1.3233
Notting Speakeasy,Drama,0.99,19.99,10,12.91,1.291
Curtain Videotape,Games,0.99,27.99,27,34.77,1.2878
Alamo Videotape,Foreign,0.99,16.99,24,30.78,1.2825
Connection Microcosmos,Comedy,0.99,25.99,7,8.95,1.2786
Christmas Moonshine,Children,0.99,21.99,21,26.81,1.2767
Empire Malkovich,Children,0.99,26.99,21,26.81,1.2767
Story Side,Action,0.99,27.99,28,35.74,1.2764
Feud Frogmen,Family,0.99,29.99,25,31.8,1.272
Unforgiven Zoolander,Sci-Fi,0.99,15.99,18,22.84,1.2689
Ballroom Mockingbird,Foreign,0.99,29.99,8,9.93,1.2413
Crow Grease,Action,0.99,22.99,12,14.89,1.2408
Masked Bubble,Music,0.99,12.99,20,24.81,1.2405
Smoochy Control,Sports,0.99,18.99,12,14.88,1.24
Moon Bunch,Foreign,0.99,20.99,29,35.74,1.2324
Gun Bonnie,Games,0.99,27.99,25,30.79,1.2316
Lawrence Love,Action,0.99,23.99,13,15.87,1.2208
Zhivago Core,Horror,0.99,10.99,9,10.93,1.2144
Celebrity Horn,Action,0.99,24.99,24,28.79,1.1996
Talented Homicide,Sports,0.99,9.99,29,34.76,1.1986
Clockwork Paradise,Children,0.99,29.99,10,11.9,1.19
Freedom Cleopatra,Comedy,0.99,23.99,5,5.95,1.19
Resurrection Silverado,Family,0.99,12.99,21,24.81,1.1814
Deceiver Betrayed,Drama,0.99,22.99,21,24.8,1.181
Wolves Desire,Travel,0.99,13.99,21,24.79,1.1805
Craft Outfield,Drama,0.99,17.99,16,18.86,1.1788
Borrowers Bedazzled,Animation,0.99,22.99,22,25.8,1.1727
Shepherd Midsummer,Children,0.99,14.99,25,28.77,1.1508
Patient Sister,Classics,0.99,29.99,19,21.82,1.1484
Bedazzled Married,Family,0.99,21.99,13,14.88,1.1446
Sassy Packer,Games,0.99,29.99,13,14.88,1.1446
Love Suicides,Horror,0.99,21.99,20,22.85,1.1425
Stallion Sundance,Sci-Fi,0.99,23.99,7,7.94,1.1343
Mosquito Armageddon,Sports,0.99,22.99,15,16.89,1.126
Siege Madre,Family,0.99,23.99,15,16.86,1.124
Streak Ridgemont,Documentary,0.99,28.99,16,17.87,1.1169
Harold French,Drama,0.99,10.99,8,8.93,1.1163
Pride Alamo,Animation,0.99,20.99,16,17.85,1.1156
Music Boondock,Family,0.99,17.99,19,20.83,1.0963
Jedi Beneath,Family,0.99,12.99,19,20.82,1.0958
Bride Intrigue,Action,0.99,24.99,19,20.82,1.0958
Jawbreaker Brooklyn,Music,0.99,15.99,10,10.91,1.091
Dracula Crystal,Classics,0.99,26.99,21,22.81,1.0862
Valentine Vanishing,Travel,0.99,9.99,12,12.9,1.075
Roman Punk,Music,0.99,28.99,24,25.79,1.0746
Hollywood Anonymous,Children,0.99,29.99,13,13.87,1.0669
Greedy Roots,Drama,0.99,14.99,14,14.87,1.0621
Polish Brooklyn,Children,0.99,12.99,18,18.85,1.0472
Gandhi Kwai,Family,0.99,9.99,17,16.87,0.9924
Ghostbusters Elf,Animation,0.99,18.99,9,8.93,0.9922
Towers Hurricane,Classics,0.99,14.99,11,10.91,0.9918
Cruelty Unforgiven,Classics,0.99,29.99,7,6.94,0.9914
Kane Exorcist,Foreign,0.99,18.99,14,13.88,0.9914
Treatment Jekyll,Drama,0.99,19.99,7,6.94,0.9914
Lights Deer,Classics,0.99,21.99,8,7.93,0.9913
Smoking Barbarella,Documentary,0.99,13.99,18,17.84,0.9911
Spirit Flintstones,Horror,0.99,23.99,15,14.86,0.9907
Silence Kane,Music,0.99,23.99,16,15.85,0.9906
Oklahoma Jumanji,New,0.99,15.99,6,5.94,0.99
Young Language,Documentary,0.99,9.99,7,6.93,0.99
Texas Watch,Horror,0.99,22.99,6,5.94,0.99
Rebel Airport,Music,0.99,24.99,8,6.93,0.8663
Duffel Apocalypse,Documentary,0.99,13.99,7,5.94,0.8486
