inventory_id,store_id,film_id,title,rental_rate,replacement_cost,category,rental_count,total_revenue,last_rental_date
5,2,1,Academy Dinosaur,0.99,20.99,Documentary,0,0.0,
2786,1,611,Musketeers Wait,4.99,17.99,Classics,1,4.99,2005-07-29
3372,2,739,Rocky War,4.99,17.99,Drama,1,7.99,2005-07-30
2662,1,584,Mixed Doors,2.99,26.99,Foreign,1,2.99,2005-07-28
1580,2,346,Galaxy Sweethearts,4.99,13.99,Classics,1,6.99,2005-08-01
4374,2,953,Wait Cider,0.99,9.99,Animation,2,10.98,2005-08-18
2719,2,596,Moonshine Cabin,4.99,25.99,Games,2,19.98,2005-08-19
1140,2,252,Dream Pickup,2.99,18.99,Action,2,5.98,2005-08-20
519,1,115,Campus Remember,2.99,27.99,Action,2,5.98,2005-08-17
2349,2,511,Lawrence Love,0.99,23.99,Action,2,3.98,2005-08-22
4048,2,881,Temple Attraction,4.99,13.99,Horror,2,13.98,2005-08-23
1865,1,407,Hawk Chill,0.99,12.99,Documentary,2,1.98,2005-08-18
1045,1,233,Disciple Mother,0.99,17.99,Travel,2,2.98,2005-08-18
2044,2,444,Hustler Party,4.99,22.99,Comedy,2,20.98,2005-08-19
2493,2,546,Madre Gables,2.99,27.99,Games,2,6.98,2005-08-21
4328,1,944,Virgin Daisy,4.99,29.99,Drama,2,9.98,2005-08-22
960,2,214,Daughter Madigan,4.99,13.99,Children,2,17.98,2005-08-19
2615,1,573,Microcosmos Paradise,2.99,22.99,Children,2,5.98,2005-08-21
1196,2,266,Dynamite Tarzan,0.99,27.99,Classics,2,7.98,2005-08-17
1365,1,301,Family Sweet,0.99,24.99,Horror,2,2.98,2005-08-23
2396,1,524,Lion Uncut,0.99,13.99,Comedy,2,2.98,2005-08-23
1705,1,371,Gosford Donnie,4.99,17.99,Action,2,12.98,2005-08-18
1542,2,337,Frida Slipper,2.99,11.99,Foreign,2,7.98,2005-08-23
3943,2,859,Sugar Wonka,4.99,20.99,Animation,2,10.98,2005-08-20
2107,1,457,Independence Hotel,0.99,21.99,Documentary,2,5.98,2005-08-22
4194,2,912,Trojan Tomorrow,2.99,9.99,Sci-Fi,2,10.98,2005-08-19
1171,2,260,Dude Blindness,4.99,9.99,Sports,2,10.98,2005-08-19
3955,2,862,Summer Scarface,0.99,25.99,Classics,2,2.98,2005-08-21
2644,2,579,Minds Truman,4.99,22.99,Action,2,20.98,2005-08-20
1597,1,350,Garden Island,4.99,21.99,Sci-Fi,2,18.98,2005-08-20
429,1,95,Breakfast Goldfinger,4.99,18.99,New,2,11.98,2005-08-19
4545,2,992,Wrath Mile,0.99,17.99,Documentary,2,1.98,2005-08-19
1898,1,413,Hedwig Alter,2.99,16.99,Comedy,2,5.98,2005-08-17
2420,1,528,Lolita World,2.99,25.99,Family,2,12.98,2005-08-18
1892,2,412,Heavyweights Beast,4.99,25.99,Documentary,2,9.98,2005-08-21
3705,2,810,Slums Duck,0.99,21.99,Family,2,4.98,2005-08-21
3896,1,851,Straight Hours,0.99,19.99,Sports,2,2.98,2005-08-19
4410,1,964,Waterfront Deliverance,4.99,17.99,Action,2,11.98,2005-08-19
2112,1,458,Indian Love,0.99,26.99,Family,2,6.98,2005-08-23
3873,2,846,Sting Personal,4.99,9.99,New,2,13.98,2005-08-18
255,1,57,Basic Easy,2.99,18.99,Travel,2,5.98,2005-08-17
885,1,196,Cruelty Unforgiven,0.99,29.99,Classics,2,1.98,2005-08-21
4313,2,939,Vertigo Northwest,2.99,17.99,Comedy,2,13.98,2005-08-18
3008,2,660,Party Knock,2.99,11.99,Comedy,2,5.98,2005-08-21
1832,2,397,Hanky October,2.99,26.99,Sci-Fi,2,8.98,2005-08-23
3027,2,664,Patriot Roman,2.99,12.99,Action,2,7.98,2005-08-20
1709,1,373,Graduate Lord,2.99,14.99,Children,2,5.98,2005-08-19
1603,2,350,Garden Island,4.99,21.99,Sci-Fi,2,10.98,2005-08-20
96,1,19,Amadeus Holy,0.99,20.99,Action,2,7.98,2005-08-21
3111,2,683,Pity Bound,4.99,19.99,Drama,2,9.98,2005-08-18
1418,1,311,Fiction Christmas,0.99,14.99,Foreign,2,4.98,2005-08-18
1577,2,346,Galaxy Sweethearts,4.99,13.99,Classics,2,19.98,2005-08-18
555,1,121,Carol Texas,2.99,15.99,Animation,2,9.98,2005-08-22
1667,1,364,Godfather Diary,2.99,14.99,New,2,9.98,2005-08-19
2694,2,591,Monsoon Cause,4.99,20.99,Games,2,9.98,2005-08-17
728,2,159,Closer Bang,4.99,12.99,Comedy,2,12.98,2005-08-18
1493,1,327,Fool Mockingbird,4.99,24.99,Action,2,13.98,2005-08-22
3643,1,795,Siege Madre,0.99,23.99,Family,2,1.98,2005-08-23
4480,1,979,Witches Panic,4.99,10.99,Drama,2,9.98,2005-08-21
2761,2,606,Mummy Creatures,0.99,15.99,Sports,2,9.98,2005-08-23
4187,2,911,Trip Newton,4.99,14.99,Action,2,10.98,2005-08-20
2677,1,587,Mod Secretary,4.99,20.99,Documentary,2,11.98,2005-08-21
2839,1,623,Newton Labyrinth,0.99,9.99,Foreign,2,5.98,2005-08-18
4541,2,991,Worst Banger,2.99,26.99,Action,2,10.98,2005-08-19
3921,1,856,Streetcar Intentions,4.99,11.99,Horror,2,9.98,2005-08-20
1678,2,366,Goldfinger Sensibility,0.99,29.99,Drama,2,5.98,2005-08-20
1461,1,320,Flamingos Connecticut,4.99,28.99,New,2,9.98,2005-08-22
222,1,50,Baked Cleopatra,2.99,20.99,Family,2,8.98,2005-08-21
2633,1,578,Million Ace,4.99,16.99,Classics,2,12.98,2005-08-21
1126,2,249,Dracula Crystal,0.99,26.99,Classics,2,2.98,2005-08-20
3585,2,784,Shanghai Tycoon,2.99,20.99,Travel,2,5.98,2005-08-20
880,2,193,Crossroads Casualties,2.99,20.99,Animation,2,8.98,2005-08-19
3144,2,690,Pond Seattle,2.99,25.99,Animation,2,5.98,2005-08-19
3787,2,829,Spinal Rocky,2.99,12.99,Family,2,5.98,2005-08-23
3715,2,812,Smoking Barbarella,0.99,13.99,Documentary,2,0.99,2006-02-14
1360,2,300,Falcon Volume,4.99,21.99,Animation,2,9.98,2005-08-22
504,1,112,Calendar Gunfight,4.99,22.99,Foreign,2,9.98,2005-08-18
3116,2,684,Pizza Jumanji,2.99,11.99,Games,2,7.98,2005-08-21
3839,1,841,Star Operation,2.99,9.99,Sports,2,5.98,2005-08-21
1664,2,363,Go Purple,0.99,12.99,Music,2,4.98,2005-08-22
2666,2,585,Mob Duffel,0.99,25.99,Drama,2,8.98,2005-08-23
18,1,4,Affair Prejudice,2.99,26.99,Horror,2,6.98,2005-08-22
3030,1,665,Patton Interview,2.99,22.99,Horror,2,9.98,2005-08-20
2616,1,574,Midnight Westward,0.99,19.99,Action,2,4.98,2005-08-19
1812,1,394,Hamlet Wisdom,2.99,21.99,Sci-Fi,2,5.98,2005-08-17
154,2,32,Apocalypse Flamingos,4.99,11.99,New,2,9.98,2005-08-23
300,1,68,Betrayed Rear,4.99,26.99,Children,2,12.98,2005-08-21
4227,1,919,Tycoon Gathering,4.99,17.99,Games,2,21.98,2005-08-23
3196,2,702,Pulp Beverly,2.99,12.99,Horror,2,12.98,2005-08-19
3667,1,803,Slacker Liaisons,4.99,29.99,Drama,2,10.98,2005-08-23
47,1,10,Aladdin Calendar,4.99,24.99,Sports,2,11.98,2005-08-19
3950,2,861,Suit Walls,4.99,12.99,Games,2,16.98,2005-08-18
689,2,150,Cider Desire,2.99,9.99,Documentary,2,6.98,2005-08-22
3163,2,694,Prejudice Oleander,4.99,15.99,Classics,2,11.98,2005-08-17
2967,2,650,Pacific Amistad,0.99,27.99,Documentary,2,1.98,2005-08-22
2759,1,606,Mummy Creatures,0.99,15.99,Sports,2,6.98,2005-08-19
2101,1,456,Inch Jet,4.99,18.99,Animation,2,9.98,2005-08-21
3850,1,843,Steel Santa,4.99,15.99,Classics,2,13.98,2005-08-21
836,1,183,Conversation Downhill,4.99,14.99,Family,2,15.98,2005-08-17
4294,1,936,Vanishing Rocky,2.99,21.99,Music,2,10.98,2005-08-20
2352,1,512,League Hellfighters,4.99,25.99,Classics,2,9.98,2005-08-20
1754,2,381,Grinch Massage,4.99,25.99,Games,2,10.98,2005-08-17
1650,1,360,Glass Dying,0.99,24.99,Action,2,1.98,2005-08-18
1968,2,429,Honey Ties,0.99,29.99,Sports,2,1.98,2005-08-19
2300,2,500,Kiss Glory,4.99,11.99,Foreign,2,13.98,2005-08-19
2842,2,623,Newton Labyrinth,0.99,9.99,Foreign,2,4.98,2005-08-19
2351,2,511,Lawrence Love,0.99,23.99,Action,2,1.98,2005-08-21
4161,1,904,Train Bunch,4.99,26.99,Horror,2,14.98,2005-08-23
4215,2,916,Turn Star,2.99,10.99,Animation,2,13.98,2005-08-18
4315,1,940,Victory Academy,0.99,19.99,Sports,2,2.98,2005-08-22
2477,2,542,Lust Lock,2.99,28.99,Action,2,5.98,2005-08-19
289,2,65,Behavior Runaway,4.99,20.99,Horror,2,15.98,2005-08-22
1104,1,245,Double Wrath,0.99,28.99,Animation,2,7.98,2005-08-19
2947,1,647,Outfield Massacre,0.99,18.99,Music,2,4.98,2005-08-23
3210,1,705,Purple Movie,2.99,9.99,Foreign,2,12.98,2005-08-18
792,1,173,Confessions Maguire,4.99,25.99,Drama,2,11.98,2005-08-20
1759,1,382,Grit Clockwork,0.99,21.99,Games,2,7.98,2005-08-18
4145,1,901,Tracy Cider,0.99,29.99,Animation,2,4.98,2005-08-20
3710,1,812,Smoking Barbarella,0.99,13.99,Documentary,2,1.98,2005-08-22
2603,2,571,Metal Armageddon,2.99,26.99,Documentary,2,11.98,2005-08-17
534,1,117,Candles Grapes,4.99,15.99,Games,2,10.98,2005-08-17
3286,1,724,Remember Diary,2.99,15.99,Family,2,8.98,2005-08-17
3327,1,732,Rings Heartbreakers,0.99,17.99,Action,2,4.98,2005-08-23
1796,1,390,Guys Falcon,4.99,20.99,Sci-Fi,2,14.98,2005-08-19
929,1,206,Dancing Fever,0.99,25.99,Documentary,2,4.98,2005-08-18
1068,1,238,Doctor Grail,2.99,29.99,Children,2,7.98,2005-08-20
347,1,77,Birds Perdition,4.99,15.99,New,2,10.98,2005-08-21
2405,1,525,Loathing Legally,0.99,29.99,Classics,2,2.98,2005-08-22
4244,2,922,Undefeated Dalmations,4.99,22.99,Horror,2,10.98,2005-08-19
4,1,1,Academy Dinosaur,0.99,20.99,Documentary,2,1.98,2005-08-21
1978,2,431,Hoosiers Birdcage,2.99,12.99,Foreign,2,9.98,2005-08-17
1159,2,256,Drop Waterfront,4.99,20.99,Sports,2,9.98,2005-08-22
1010,2,226,Destiny Saturday,4.99,20.99,New,2,9.98,2005-08-18
3925,2,856,Streetcar Intentions,4.99,11.99,Horror,2,13.98,2005-08-19
325,2,72,Bill Others,2.99,12.99,Documentary,2,7.98,2005-08-17
954,2,212,Darn Forrester,4.99,14.99,Action,2,9.98,2005-08-17
572,2,124,Casper Dragonfly,4.99,16.99,Children,2,14.98,2005-08-21
2990,2,655,Panther Reds,4.99,22.99,Sci-Fi,2,10.98,2005-08-21
1436,2,314,Fight Jawbreaker,0.99,13.99,Animation,2,7.98,2005-08-19
3788,2,829,Spinal Rocky,2.99,12.99,Family,2,5.98,2005-08-21
2004,2,436,Hours Rage,0.99,14.99,New,2,5.98,2005-08-19
4035,1,879,Telegraph Voyage,4.99,20.99,Music,2,17.98,2005-08-23
3939,1,859,Sugar Wonka,4.99,20.99,Animation,2,13.98,2005-08-19
1860,1,406,Haunting Pianist,0.99,22.99,Games,2,2.98,2005-08-16
3052,1,670,Pelican Comforts,4.99,17.99,Documentary,2,10.98,2005-08-21
3862,1,845,Stepmom Dream,4.99,9.99,Foreign,2,9.98,2005-08-21
2143,2,463,Instinct Airport,2.99,21.99,Sports,2,6.98,2005-08-19
3849,1,843,Steel Santa,4.99,15.99,Classics,2,14.98,2005-08-18
2888,2,634,Odds Boogie,0.99,14.99,Family,2,3.98,2005-08-22
3394,1,745,Roses Treasure,4.99,23.99,Sports,2,9.98,2005-08-23
1635,2,357,Gilbert Pelican,0.99,13.99,Classics,2,3.98,2005-08-19
4221,2,917,Tuxedo Mile,2.99,24.99,Sports,2,11.98,2005-08-18
3099,1,681,Pirates Roxanne,0.99,20.99,Sports,2,3.98,2005-08-18
1256,1,278,Elf Murder,4.99,19.99,Music,2,10.98,2005-08-19
4235,1,921,Uncut Suicides,2.99,29.99,Music,2,5.98,2005-08-18
4047,2,880,Telemark Heartbreakers,2.99,9.99,Animation,2,8.98,2005-08-21
648,2,140,Cheaper Clyde,0.99,23.99,Sci-Fi,2,1.98,2005-08-22
3695,2,808,Sling Luke,0.99,10.99,Classics,2,2.98,2005-08-18
3720,1,814,Snatch Slipper,4.99,15.99,Comedy,2,15.98,2005-08-19
4255,1,925,United Pilot,0.99,27.99,Documentary,2,6.98,2005-08-21
60,1,12,Alaska Phantom,0.99,22.99,Music,2,2.98,2005-08-20
4074,1,888,Thin Sagebrush,4.99,9.99,Documentary,2,12.98,2005-08-21
2885,2,633,October Submarine,4.99,10.99,Classics,2,12.98,2005-08-19
2643,2,579,Minds Truman,4.99,22.99,Action,2,9.98,2005-08-20
2808,2,616,National Story,2.99,19.99,Documentary,2,9.98,2005-08-20
3429,2,752,Runner Madigan,0.99,27.99,Music,2,4.98,2005-08-17
3736,2,816,Snowman Rollercoaster,0.99,27.99,Animation,2,5.98,2005-08-20
32,1,7,Airplane Sierra,4.99,28.99,Comedy,2,12.98,2005-08-22
4580,2,1000,Zorro Ark,4.99,18.99,Comedy,2,16.98,2005-08-23
2456,1,536,Lovely Jingle,2.99,18.99,Classics,2,5.98,2005-08-18
2585,2,567,Meet Chocolate,2.99,26.99,Foreign,2,12.98,2005-08-22
4497,1,982,Women Dorado,0.99,23.99,Action,2,1.98,2005-08-17
4219,1,917,Tuxedo Mile,2.99,24.99,Sports,2,5.98,2005-08-18
3960,2,863,Sun Confessions,0.99,9.99,Sci-Fi,2,1.98,2005-08-20
3493,1,765,Saturn Name,4.99,18.99,Comedy,2,9.98,2005-08-23
12,2,3,Adaptation Holes,2.99,18.99,Documentary,2,5.98,2005-08-22
4551,2,993,Wrong Behavior,2.99,10.99,Children,2,5.98,2005-08-17
157,2,34,Arabia Dogma,0.99,29.99,Horror,2,1.98,2005-08-20
4489,2,980,Wizard Coldblooded,4.99,12.99,Music,2,9.98,2005-08-22
4408,2,963,Watch Tracy,0.99,12.99,Animation,2,9.98,2005-08-22
107,2,21,American Circus,4.99,17.99,Action,2,13.98,2005-08-19
1268,2,281,Encino Elf,0.99,9.99,Games,2,2.98,2005-08-23
2702,2,593,Monterey Labyrinth,0.99,13.99,Horror,2,5.98,2005-08-21
3636,1,794,Side Ark,0.99,28.99,Action,2,5.98,2005-08-21
3570,2,781,Seven Swarm,4.99,15.99,Games,2,9.98,2005-08-23
3519,1,771,Scorpion Apollo,4.99,23.99,Drama,2,13.98,2005-08-22
2586,2,567,Meet Chocolate,2.99,26.99,Foreign,2,9.98,2005-08-20
1889,1,412,Heavyweights Beast,4.99,25.99,Documentary,2,9.98,2005-08-21
3750,1,820,Sons Interview,2.99,11.99,Animation,2,10.98,2005-08-20
408,2,90,Boulevard Mob,0.99,11.99,New,2,12.98,2005-08-22
1289,1,285,English Bulworth,0.99,18.99,Sci-Fi,2,9.98,2005-08-23
1601,2,350,Garden Island,4.99,21.99,Sci-Fi,2,12.98,2005-08-22
1238,1,274,Egg Igby,2.99,20.99,Documentary,2,13.98,2005-08-21
3061,2,672,Perfect Groove,2.99,17.99,Comedy,2,7.98,2005-08-22
1485,1,326,Flying Hook,2.99,18.99,Animation,2,6.98,2005-08-20
4195,1,913,Troopers Metal,0.99,20.99,New,2,8.98,2005-08-22
3721,1,814,Snatch Slipper,4.99,15.99,Comedy,2,9.98,2005-08-20
68,2,13,Ali Forever,4.99,21.99,Horror,2,17.98,2005-08-23
3092,1,680,Pinocchio Simon,4.99,21.99,Comedy,2,14.98,2005-08-18
4200,2,913,Troopers Metal,0.99,20.99,New,2,2.98,2005-08-23
3362,1,738,Rocketeer Mother,0.99,27.99,Foreign,2,7.98,2005-08-17
4065,1,886,Theory Mermaid,0.99,9.99,Animation,2,5.98,2005-08-17
1106,2,245,Double Wrath,0.99,28.99,Animation,2,6.98,2005-08-17
3965,1,864,Sundance Invasion,0.99,21.99,Children,2,1.98,2005-08-22
3370,2,739,Rocky War,4.99,17.99,Drama,2,9.98,2005-08-22
684,1,150,Cider Desire,2.99,9.99,Documentary,2,5.98,2005-08-17
823,2,180,Conspiracy Spirit,2.99,27.99,Classics,2,5.98,2005-08-17
588,1,129,Cause Date,2.99,16.99,Documentary,2,10.98,2005-08-19
3356,2,737,Rock Instinct,0.99,28.99,Horror,2,6.98,2005-08-17
405,1,90,Boulevard Mob,0.99,11.99,New,2,7.98,2005-08-19
3732,1,816,Snowman Rollercoaster,0.99,27.99,Animation,2,1.98,2005-08-21
3835,1,840,Stampede Disturbing,0.99,26.99,Games,2,5.98,2005-08-19
4223,2,918,Twisted Pirates,4.99,23.99,Children,2,12.98,2005-08-20
4370,1,953,Wait Cider,0.99,9.99,Animation,2,1.98,2005-08-18
423,2,93,Brannigan Sunrise,4.99,27.99,New,2,13.98,2005-08-17
1285,2,284,Enemy Odds,4.99,23.99,Music,2,9.98,2005-08-19
1377,2,302,Fantasia Park,2.99,29.99,Games,2,5.98,2005-08-20
1861,2,406,Haunting Pianist,0.99,22.99,Games,2,1.98,2005-08-19
1065,1,237,Divorce Shining,2.99,21.99,Sports,2,8.98,2005-08-22
1583,1,347,Games Bowfinger,4.99,17.99,Travel,2,9.98,2005-08-23
1949,2,424,Holocaust Highball,0.99,12.99,Children,2,1.98,2005-08-17
4382,2,957,War Notting,4.99,26.99,Foreign,2,10.98,2005-08-21
1674,1,366,Goldfinger Sensibility,0.99,29.99,Drama,2,7.98,2005-08-17
1109,2,246,Doubtfire Labyrinth,4.99,16.99,Foreign,2,9.98,2005-08-19
4430,1,969,West Lion,4.99,29.99,Drama,2,13.98,2005-08-22
3422,2,749,Rules Human,4.99,19.99,Horror,2,13.98,2005-08-22
1329,2,293,Exorcist Sting,2.99,17.99,Sports,2,6.98,2005-08-17
4553,2,993,Wrong Behavior,2.99,10.99,Children,2,5.98,2005-08-23
2073,1,450,Idols Snatchers,2.99,29.99,Children,2,9.98,2005-08-19
67,2,13,Ali Forever,4.99,21.99,Horror,2,10.98,2005-08-22
101,1,20,Amelie Hellfighters,4.99,23.99,Music,2,14.98,2005-08-17
4512,2,985,Wonderland Christmas,4.99,19.99,Sci-Fi,2,9.98,2005-08-18
861,2,189,Creatures Shakespeare,0.99,23.99,Games,2,3.98,2005-08-21
2224,1,481,Jekyll Frogmen,2.99,22.99,New,2,13.98,2005-08-18
3175,1,697,Primary Glass,0.99,16.99,Action,2,1.98,2005-08-21
1659,1,362,Glory Tracy,2.99,13.99,Games,2,5.98,2005-08-23
1468,1,321,Flash Wars,4.99,21.99,New,2,13.98,2005-08-23
1362,2,300,Falcon Volume,4.99,21.99,Animation,2,13.98,2005-08-23
943,1,209,Darkness War,2.99,24.99,Drama,2,5.98,2005-08-18
1475,2,322,Flatliners Killer,2.99,29.99,Sports,2,7.98,2005-08-18
3977,1,867,Super Wyoming,4.99,10.99,Family,2,10.98,2005-08-17
2311,1,502,Knock Warlock,2.99,21.99,Comedy,2,5.98,2005-08-18
4077,1,889,Ties Hunger,4.99,28.99,Children,2,17.98,2005-08-23
31,2,6,Agent Truman,2.99,17.99,Foreign,2,12.98,2005-08-21
171,2,37,Arizona Bang,2.99,28.99,Classics,2,14.98,2005-08-22
3799,1,832,Splash Gump,0.99,16.99,Family,2,2.98,2005-08-18
4525,1,988,Worker Tarzan,2.99,26.99,Travel,2,6.98,2005-08-22
45,2,9,Alabama Devil,2.99,21.99,Horror,2,14.98,2005-08-17
2988,1,655,Panther Reds,4.99,22.99,Sci-Fi,2,9.98,2005-08-21
3,1,1,Academy Dinosaur,0.99,20.99,Documentary,2,1.98,2005-08-22
411,1,91,Bound Cheaper,0.99,17.99,Classics,2,5.98,2005-08-20
4505,1,983,Won Dares,2.99,18.99,Music,2,5.98,2005-08-22
305,1,69,Beverly Outlaw,2.99,21.99,Sci-Fi,2,12.98,2005-08-17
790,1,173,Confessions Maguire,4.99,25.99,Drama,2,9.98,2005-08-21
114,2,22,Amistad Midsummer,2.99,10.99,New,2,6.98,2005-08-18
966,2,215,Dawn Pond,4.99,27.99,Games,2,13.98,2005-08-19
1887,1,411,Heavenly Gun,4.99,13.99,Music,2,11.98,2005-08-19
2334,2,506,Lady Stage,4.99,14.99,Horror,2,14.98,2006-02-14
3352,1,736,Robbery Bright,0.99,21.99,Family,2,7.98,2005-08-19
3559,1,778,Secrets Paradise,4.99,24.99,Family,2,15.98,2005-08-21
4298,2,936,Vanishing Rocky,2.99,21.99,Music,2,5.98,2005-08-17
3907,2,852,Strangelove Desire,0.99,27.99,Children,2,9.98,2005-08-20
4379,1,957,War Notting,4.99,26.99,Foreign,2,9.98,2005-08-23
3539,1,774,Searchers Wait,2.99,22.99,Comedy,2,11.98,2005-08-18
2315,2,502,Knock Warlock,2.99,21.99,Comedy,2,14.98,2005-08-18
2650,2,580,Mine Titans,4.99,12.99,New,2,15.98,2005-08-21
2256,1,488,Joon Northwest,0.99,23.99,Sports,2,9.98,2005-08-17
1149,1,254,Driver Annie,2.99,11.99,Sports,2,9.98,2005-08-22
1250,1,276,Element Freddy,4.99,28.99,Comedy,2,11.98,2005-08-23
1234,2,273,Effect Gladiator,0.99,14.99,Family,2,1.98,2005-08-18
2461,2,537,Lover Truman,2.99,29.99,Classics,2,14.98,2005-08-19
1682,1,367,Goldmine Tycoon,0.99,20.99,Sci-Fi,2,5.98,2005-08-19
2673,2,586,Mockingbird Hollywood,0.99,27.99,Action,2,3.98,2005-08-21
2594,1,570,Mermaid Insects,4.99,20.99,Sports,2,13.98,2005-08-21
192,2,43,Atlantis Cause,2.99,15.99,Family,2,9.98,2005-08-17
1479,2,323,Flight Lies,4.99,22.99,Sports,2,11.98,2005-08-21
3224,1,708,Quills Bull,4.99,19.99,Documentary,2,11.98,2005-08-17
4526,1,988,Worker Tarzan,2.99,26.99,Travel,2,5.98,2005-08-22
1873,2,408,Head Stranger,4.99,28.99,Games,2,13.98,2005-08-22
1375,2,302,Fantasia Park,2.99,29.99,Games,2,7.98,2005-08-23
1346,1,296,Express Lonely,2.99,23.99,Sci-Fi,2,5.98,2005-08-17
111,1,22,Amistad Midsummer,2.99,10.99,New,2,6.98,2005-08-19
3112,2,683,Pity Bound,4.99,19.99,Drama,2,10.98,2005-08-22
2318,1,503,Kramer Chocolate,2.99,24.99,Sports,2,16.98,2005-08-20
574,2,124,Casper Dragonfly,4.99,16.99,Children,2,11.98,2005-08-18
1784,1,388,Gunfight Moon,0.99,16.99,Comedy,2,2.98,2006-02-14
3268,1,720,Redemption Comforts,2.99,20.99,New,2,6.98,2005-08-22
2869,2,629,Notorious Reunion,0.99,9.99,Documentary,2,3.98,2005-08-22
4111,1,894,Tomatoes Hellfighters,0.99,23.99,Travel,2,3.98,2005-08-17
3316,1,730,Ridgemont Submarine,0.99,28.99,New,2,11.98,2005-08-22
232,2,51,Balloon Homeward,2.99,10.99,Music,2,10.98,2005-08-17
2683,2,589,Modern Dorado,0.99,20.99,Documentary,2,6.98,2005-08-23
2782,2,610,Music Boondock,0.99,17.99,Family,2,1.98,2005-08-18
2006,1,437,House Dynamite,2.99,13.99,Family,2,5.98,2005-08-19
3561,1,778,Secrets Paradise,4.99,24.99,Family,2,13.98,2005-08-18
1891,1,412,Heavyweights Beast,4.99,25.99,Documentary,2,9.98,2005-08-18
1712,2,373,Graduate Lord,2.99,14.99,Children,2,5.98,2005-08-21
4454,1,973,Wife Turn,4.99,27.99,Documentary,2,16.98,2005-08-18
3846,2,842,State Wasteland,2.99,13.99,Games,2,5.98,2005-08-22
257,2,57,Basic Easy,2.99,18.99,Travel,2,10.98,2005-08-19
2916,1,641,Orange Grapes,0.99,21.99,Foreign,2,6.98,2005-08-21
3276,1,722,Reef Salute,0.99,26.99,Horror,2,2.98,2005-08-22
2831,1,621,Network Peak,2.99,23.99,Family,2,8.98,2005-08-20
2251,2,486,Jet Neighbors,4.99,14.99,Foreign,2,9.98,2005-08-22
3228,1,709,Racer Egg,2.99,19.99,Drama,2,5.98,2005-08-17
2210,2,478,Jaws Harry,2.99,10.99,Comedy,2,10.98,2005-08-19
3527,1,772,Sea Virgin,2.99,24.99,Drama,2,7.98,2005-08-19
3533,1,773,Seabiscuit Punk,2.99,28.99,Sports,2,8.98,2005-08-22
217,1,49,Badman Dawn,2.99,22.99,Sci-Fi,2,9.98,2005-08-23
1538,2,336,French Holiday,4.99,22.99,Documentary,2,12.98,2005-08-21
2159,1,467,Intrigue Worst,0.99,10.99,Foreign,2,1.98,2005-08-21
4353,1,949,Volcano Texas,0.99,27.99,Games,2,1.98,2006-02-14
3135,1,689,Pollock Deliverance,2.99,14.99,Foreign,2,5.98,2005-08-22
3670,2,803,Slacker Liaisons,4.99,29.99,Drama,2,9.98,2005-08-18
4123,2,896,Tootsie Pilot,0.99,10.99,Children,2,5.98,2005-08-22
693,2,151,Cincinatti Whisperer,4.99,26.99,Sci-Fi,2,9.98,2006-02-14
1517,1,331,Forward Temple,2.99,25.99,Games,2,9.98,2005-08-23
1867,1,408,Head Stranger,4.99,28.99,Games,2,14.98,2005-08-21
2236,1,484,Jerk Paycheck,2.99,13.99,Classics,2,10.98,2005-08-20
652,2,141,Chicago North,4.99,11.99,Games,2,11.98,2005-08-18
1345,1,296,Express Lonely,2.99,23.99,Sci-Fi,2,5.98,2005-08-23
2670,1,586,Mockingbird Hollywood,0.99,27.99,Action,2,5.98,2006-02-14
1320,1,292,Excitement Eve,0.99,20.99,Action,2,7.98,2005-08-21
2018,1,439,Hunchback Impossible,4.99,28.99,Drama,2,15.98,2005-08-22
4519,2,986,Wonka Sea,2.99,24.99,Animation,2,5.98,2005-08-23
396,2,88,Born Spinal,4.99,17.99,Travel,2,9.98,2005-08-23
1210,2,269,Earring Instinct,0.99,22.99,Family,2,5.98,2005-08-21
2874,2,630,Notting Speakeasy,0.99,19.99,Drama,2,1.98,2005-08-20
554,1,121,Carol Texas,2.99,15.99,Animation,2,10.98,2005-08-17
579,2,126,Casualties Encino,4.99,16.99,Action,2,15.98,2005-08-21
3781,2,828,Spiking Element,2.99,12.99,Classics,2,5.98,2005-08-18
1006,1,226,Destiny Saturday,4.99,20.99,New,2,9.98,2005-08-20
748,1,164,Coast Rainbow,0.99,20.99,Documentary,2,1.98,2005-08-23
338,2,74,Birch Antitrust,4.99,18.99,Music,2,14.98,2005-08-20
1611,2,352,Gathering Calendar,0.99,22.99,Games,2,6.98,2005-08-21
1046,2,233,Disciple Mother,0.99,17.99,Travel,2,1.98,2005-08-21
2729,1,599,Mother Oleander,0.99,20.99,Sports,2,12.98,2005-08-20
3452,1,757,Sagebrush Clueless,2.99,28.99,Documentary,2,9.98,2005-08-23
2764,2,606,Mummy Creatures,0.99,15.99,Sports,2,6.98,2006-02-14
3015,1,662,Paths Control,4.99,9.99,Drama,2,14.98,2005-08-23
1854,2,403,Harry Idaho,4.99,18.99,Drama,2,15.98,2005-08-19
1710,1,373,Graduate Lord,2.99,14.99,Children,2,5.98,2005-08-22
3285,2,723,Reign Gentlemen,2.99,29.99,Sci-Fi,2,11.98,2005-08-19
2604,1,572,Metropolis Coma,2.99,9.99,Sci-Fi,2,10.98,2005-08-17
4027,2,877,Taxi Kick,0.99,23.99,Music,2,6.98,2005-08-21
1035,2,231,Dinosaur Secretary,2.99,27.99,Family,2,6.98,2005-08-18
606,1,132,Chainsaw Uptown,0.99,25.99,Sci-Fi,2,3.98,2005-08-17
641,1,139,Chasing Fight,4.99,21.99,Family,2,12.98,2005-08-19
2032,1,443,Hurricane Affair,2.99,11.99,Comedy,2,5.98,2005-08-18
3671,2,803,Slacker Liaisons,4.99,29.99,Drama,2,9.98,2005-08-18
598,2,130,Celebrity Horn,0.99,24.99,Action,2,1.98,2005-08-23
1803,2,391,Half Outfield,2.99,25.99,Family,2,5.98,2005-08-21
770,2,167,Coma Head,4.99,10.99,Travel,2,10.98,2005-08-19
365,1,80,Blanket Beverly,2.99,21.99,Family,2,5.98,2005-08-17
1394,2,305,Fatal Haunted,2.99,24.99,New,2,11.98,2005-08-17
1549,1,340,Frontier Cabin,4.99,14.99,New,2,11.98,2005-08-21
2728,1,598,Mosquito Armageddon,0.99,22.99,Sports,2,3.98,2005-08-19
1574,2,345,Gables Metropolis,0.99,17.99,Family,2,1.98,2006-02-14
1316,1,291,Evolution Alter,0.99,10.99,Sports,2,2.98,2005-08-19
2016,2,438,Human Graffiti,2.99,22.99,Games,2,9.98,2005-08-21
2955,1,648,Outlaw Hanky,4.99,17.99,Travel,2,11.98,2005-08-23
334,1,74,Birch Antitrust,4.99,18.99,Music,2,11.98,2005-08-17
2231,1,483,Jericho Mulan,2.99,29.99,Games,2,5.98,2005-08-23
454,1,100,Brooklyn Desert,4.99,21.99,Foreign,2,11.98,2005-08-18
1016,1,228,Detective Vision,0.99,16.99,Classics,2,3.98,2005-08-19
356,2,78,Blackout Private,2.99,12.99,Animation,2,5.98,2005-08-23
4492,1,981,Wolves Desire,0.99,13.99,Travel,2,1.98,2005-08-21
1233,1,273,Effect Gladiator,0.99,14.99,Family,2,5.98,2005-08-22
2971,1,651,Packer Madigan,0.99,20.99,Animation,2,3.98,2005-08-20
1455,2,319,Fish Opus,2.99,22.99,Sci-Fi,2,6.98,2005-08-22
4421,2,966,Wedding Apollo,0.99,14.99,Documentary,2,6.98,2005-08-18
489,2,109,Butterfly Chocolat,0.99,17.99,New,2,4.98,2005-08-22
4189,1,912,Trojan Tomorrow,2.99,9.99,Sci-Fi,2,6.98,2005-08-22
2822,2,619,Neighbors Charade,0.99,20.99,Sports,2,5.98,2005-08-20
1636,2,357,Gilbert Pelican,0.99,13.99,Classics,2,1.98,2005-08-21
3723,2,814,Snatch Slipper,4.99,15.99,Comedy,2,10.98,2005-08-19
4249,1,924,Unforgiven Zoolander,0.99,15.99,Sci-Fi,2,2.98,2005-08-21
577,2,126,Casualties Encino,4.99,16.99,Action,2,14.98,2005-08-20
484,2,107,Bunch Minds,2.99,13.99,Drama,2,9.98,2005-08-18
855,1,188,Crazy Home,2.99,24.99,Comedy,2,5.98,2005-08-19
3646,2,796,Sierra Divide,0.99,12.99,Sports,2,5.98,2005-08-23
1348,2,297,Extraordinary Conquerer,2.99,29.99,Classics,2,5.98,2005-08-23
2149,2,464,Intentions Empire,2.99,13.99,Animation,2,7.98,2005-08-19
1032,1,231,Dinosaur Secretary,2.99,27.99,Family,2,6.98,2005-08-19
3647,2,796,Sierra Divide,0.99,12.99,Sports,2,7.98,2005-08-20
410,2,90,Boulevard Mob,0.99,11.99,New,2,4.98,2005-08-19
1163,2,257,Drumline Cyclone,0.99,14.99,Travel,2,3.98,2005-08-18
3241,2,711,Raging Airplane,4.99,18.99,Sci-Fi,2,13.98,2005-08-19
341,2,75,Bird Independence,4.99,14.99,Travel,2,12.98,2005-08-23
3654,1,798,Silverado Goldfinger,4.99,11.99,Sci-Fi,2,15.98,2005-08-20
891,1,199,Cupboard Sinners,2.99,29.99,Documentary,2,11.98,2005-08-17
1212,2,269,Earring Instinct,0.99,22.99,Family,2,6.98,2005-08-20
1794,1,390,Guys Falcon,4.99,20.99,Sci-Fi,2,14.98,2005-08-20
2529,2,555,Mallrats United,0.99,25.99,Comedy,2,9.98,2005-08-17
1040,2,232,Dirty Ace,2.99,29.99,Games,2,7.98,2005-08-17
2605,1,572,Metropolis Coma,2.99,9.99,Sci-Fi,2,12.98,2005-08-21
3868,1,846,Sting Personal,4.99,9.99,New,2,11.98,2005-08-17
772,1,168,Comancheros Enemy,0.99,23.99,Children,2,5.98,2005-08-23
4461,1,975,Willow Tracy,2.99,22.99,Family,2,5.98,2005-08-18
4207,1,915,Truman Crazy,4.99,9.99,Action,2,9.98,2005-08-21
3359,2,737,Rock Instinct,0.99,28.99,Horror,2,5.98,2005-08-22
1637,2,357,Gilbert Pelican,0.99,13.99,Classics,2,5.98,2005-08-21
319,2,71,Bilko Anonymous,4.99,25.99,Family,2,17.98,2005-08-17
4060,2,884,Terminator Club,4.99,11.99,Music,2,11.98,2005-08-22
962,2,214,Daughter Madigan,4.99,13.99,Children,2,13.98,2005-08-22
1240,2,274,Egg Igby,2.99,20.99,Documentary,2,10.98,2005-08-22
3523,2,771,Scorpion Apollo,4.99,23.99,Drama,2,14.98,2005-08-19
1537,2,336,French Holiday,4.99,22.99,Documentary,2,11.98,2005-08-17
2922,1,643,Orient Closer,2.99,22.99,Drama,2,11.98,2005-08-21
3138,2,689,Pollock Deliverance,2.99,14.99,Foreign,2,5.98,2005-08-19
3459,1,759,Salute Apollo,2.99,29.99,New,2,13.98,2005-08-20
1477,2,323,Flight Lies,4.99,22.99,Sports,2,9.98,2005-08-19
3043,2,667,Peach Innocent,2.99,20.99,Sports,2,15.97,2006-02-14
2818,1,619,Neighbors Charade,0.99,20.99,Sports,2,6.98,2005-08-21
738,1,162,Clueless Bucket,2.99,13.99,Action,2,7.98,2005-08-23
3472,2,761,Santa Paris,2.99,23.99,Children,2,5.98,2005-08-23
2117,2,458,Indian Love,0.99,26.99,Family,2,7.98,2005-08-19
961,2,214,Daughter Madigan,4.99,13.99,Children,2,17.98,2005-08-22
2770,2,608,Murder Antitrust,2.99,11.99,Children,2,5.98,2005-08-23
4347,1,948,Voice Peach,0.99,22.99,New,2,6.98,2005-08-23
3282,1,723,Reign Gentlemen,2.99,29.99,Sci-Fi,2,11.98,2005-08-23
1335,1,295,Expendable Stallion,0.99,14.99,Documentary,2,11.98,2005-08-20
2433,1,531,Lose Inch,0.99,18.99,Foreign,2,7.98,2005-08-17
1094,2,243,Doors President,4.99,22.99,Animation,2,12.98,2006-02-14
1483,2,324,Flintstones Happiness,4.99,11.99,Comedy,2,14.98,2005-08-22
3653,2,797,Silence Kane,0.99,23.99,Music,2,1.98,2005-08-22
2198,1,476,Jason Trap,2.99,9.99,Family,2,8.98,2005-08-20
4256,1,925,United Pilot,0.99,27.99,Documentary,2,5.98,2005-08-17
930,2,206,Dancing Fever,0.99,25.99,Documentary,2,2.98,2005-08-18
1415,2,309,Feud Frogmen,0.99,29.99,Family,2,1.98,2005-08-20
3333,1,733,River Outlaw,0.99,29.99,Sports,2,6.98,2005-08-20
329,1,73,Bingo Talented,2.99,22.99,Sci-Fi,2,8.98,2005-08-18
3440,2,754,Rushmore Mermaid,2.99,17.99,Comedy,2,6.98,2005-08-22
2357,2,512,League Hellfighters,4.99,25.99,Classics,2,9.98,2005-08-18
2664,2,585,Mob Duffel,0.99,25.99,Drama,2,3.98,2005-08-22
112,2,22,Amistad Midsummer,2.99,10.99,New,2,8.98,2006-02-14
1804,1,392,Hall Cassidy,4.99,13.99,Children,2,12.98,2005-08-19
3388,1,744,Roots Remember,0.99,23.99,Classics,2,9.98,2005-08-20
682,2,149,Christmas Moonshine,0.99,21.99,Children,2,2.98,2005-08-18
8,2,1,Academy Dinosaur,0.99,20.99,Documentary,2,1.98,2005-08-18
3508,1,768,Scarface Bang,4.99,11.99,Children,2,13.98,2005-08-18
1519,2,331,Forward Temple,2.99,25.99,Games,2,5.98,2005-08-22
3864,2,845,Stepmom Dream,4.99,9.99,Foreign,2,10.98,2005-08-22
1228,1,272,Edge Kissing,4.99,9.99,Drama,2,11.98,2005-08-17
2019,1,439,Hunchback Impossible,4.99,28.99,Drama,2,13.98,2005-08-23
2692,2,590,Money Harold,2.99,17.99,New,2,8.98,2005-08-20
4274,1,930,Vacation Boondock,2.99,23.99,Sci-Fi,2,5.98,2005-08-17
4488,2,980,Wizard Coldblooded,4.99,12.99,Music,2,9.98,2005-08-19
2712,2,595,Moon Bunch,0.99,20.99,Foreign,2,1.98,2005-08-22
1981,1,432,Hope Tootsie,2.99,22.99,Classics,2,5.98,2005-08-22
167,1,37,Arizona Bang,2.99,28.99,Classics,2,15.98,2005-08-18
521,1,115,Campus Remember,2.99,27.99,Action,2,8.98,2005-08-22
551,1,120,Caribbean Liberty,4.99,16.99,Sports,2,15.98,2005-08-23
2939,2,645,Others Soup,2.99,18.99,Travel,2,5.98,2005-08-17
607,1,132,Chainsaw Uptown,0.99,25.99,Sci-Fi,2,2.98,2005-08-17
940,1,208,Dares Pluto,2.99,16.99,Animation,2,6.98,2005-08-17
1445,1,317,Fireball Philadelphia,0.99,25.99,Comedy,2,2.98,2005-08-22
2914,2,640,Opus Ice,4.99,21.99,Foreign,2,12.98,2005-08-22
1875,1,409,Heartbreakers Bright,4.99,9.99,Children,2,9.98,2005-08-19
2372,2,517,Lesson Cleopatra,0.99,28.99,Sports,2,6.98,2005-08-21
3067,1,674,Pet Haunting,0.99,11.99,Foreign,2,11.98,2005-08-22
3536,2,773,Seabiscuit Punk,2.99,28.99,Sports,2,11.98,2005-08-17
2384,1,520,License Weekend,2.99,28.99,Sci-Fi,2,5.98,2005-08-17
3769,2,824,Spartacus Cheaper,4.99,19.99,Family,2,13.98,2005-08-21
44,2,9,Alabama Devil,2.99,21.99,Horror,2,12.98,2005-08-17
526,1,116,Candidate Perdition,2.99,10.99,Classics,2,6.97,2006-02-14
2118,2,459,Informer Double,4.99,23.99,Foreign,2,11.98,2005-08-18
820,1,179,Conquerer Nuts,4.99,14.99,Drama,2,18.98,2005-08-20
2299,1,500,Kiss Glory,4.99,11.99,Foreign,2,10.98,2005-08-18
1450,2,317,Fireball Philadelphia,0.99,25.99,Comedy,2,7.98,2005-08-21
3192,1,702,Pulp Beverly,2.99,12.99,Horror,2,5.98,2006-02-14
3765,2,823,South Wait,2.99,21.99,Action,2,13.98,2005-08-17
188,2,42,Artist Coldblooded,2.99,10.99,Sports,2,5.98,2005-08-22
4349,2,948,Voice Peach,0.99,22.99,New,2,1.98,2005-08-19
2446,1,534,Louisiana Harry,0.99,18.99,Family,2,4.98,2005-08-19
665,2,143,Chill Luck,0.99,17.99,Drama,2,1.98,2005-08-17
1327,2,293,Exorcist Sting,2.99,17.99,Sports,2,8.98,2005-08-21
2881,1,632,Nuts Ties,4.99,10.99,New,2,9.98,2005-08-17
3932,2,857,Strictly Scarface,2.99,24.99,Comedy,2,7.98,2005-08-23
1831,2,397,Hanky October,2.99,26.99,Sci-Fi,2,5.98,2005-08-22
4003,2,871,Sweden Shining,4.99,19.99,Comedy,2,14.98,2005-08-16
1918,1,417,Hills Neighbors,0.99,29.99,Action,2,7.98,2005-08-23
1916,2,416,Highball Potter,0.99,10.99,Foreign,2,4.98,2005-08-19
271,1,60,Beast Hunchback,4.99,22.99,Classics,2,12.98,2005-08-22
3171,2,696,Pride Alamo,0.99,20.99,Animation,2,4.98,2005-08-22
744,2,162,Clueless Bucket,2.99,13.99,Action,2,12.98,2005-08-17
2849,2,624,Nightmare Chill,4.99,25.99,Games,2,13.98,2005-08-18
4312,2,939,Vertigo Northwest,2.99,17.99,Comedy,2,8.98,2005-08-23
878,2,193,Crossroads Casualties,2.99,20.99,Animation,2,5.98,2005-08-23
566,2,122,Carrie Bunch,0.99,11.99,Horror,2,1.98,2005-08-18
43,1,9,Alabama Devil,2.99,21.99,Horror,2,10.98,2005-08-23
3586,2,784,Shanghai Tycoon,2.99,20.99,Travel,2,5.98,2005-08-18
420,1,92,Bowfinger Gables,4.99,19.99,Horror,2,9.98,2005-08-19
4404,1,963,Watch Tracy,0.99,12.99,Animation,2,4.98,2005-08-17
620,1,135,Chance Resurrection,2.99,22.99,Sports,2,11.98,2005-08-17
1977,2,431,Hoosiers Birdcage,2.99,12.99,Foreign,2,9.98,2005-08-17
3314,2,729,Rider Caddyshack,2.99,28.99,Sports,2,9.98,2005-08-20
2145,1,464,Intentions Empire,2.99,13.99,Animation,2,7.98,2006-02-14
1207,2,268,Early Home,4.99,27.99,Animation,2,14.98,2005-08-19
4110,1,894,Tomatoes Hellfighters,0.99,23.99,Travel,2,1.98,2005-08-20
685,1,150,Cider Desire,2.99,9.99,Documentary,2,6.98,2005-08-23
1112,1,247,Downhill Enough,0.99,19.99,Comedy,2,2.98,2005-08-23
2982,1,654,Panky Submarine,4.99,19.99,Games,2,17.98,2005-08-18
4217,1,917,Tuxedo Mile,2.99,24.99,Sports,2,16.98,2005-08-17
628,1,136,Chaplin License,2.99,26.99,New,2,5.98,2005-08-20
4409,1,964,Waterfront Deliverance,4.99,17.99,Action,2,15.98,2005-08-21
4310,2,939,Vertigo Northwest,2.99,17.99,Comedy,2,8.98,2005-08-23
1605,1,351,Gaslight Crusade,2.99,10.99,Horror,2,5.98,2005-08-21
4245,2,922,Undefeated Dalmations,4.99,22.99,Horror,2,9.98,2005-08-18
3982,1,868,Superfly Trip,0.99,27.99,Travel,2,5.98,2005-08-17
1924,1,418,Hobbit Alien,0.99,27.99,Drama,2,5.98,2005-08-17
507,2,112,Calendar Gunfight,4.99,22.99,Foreign,2,14.98,2005-08-19
4076,1,888,Thin Sagebrush,4.99,9.99,Documentary,2,13.98,2005-08-18
671,1,146,Chitty Lock,2.99,24.99,Drama,2,6.98,2005-08-22
1439,2,314,Fight Jawbreaker,0.99,13.99,Animation,2,4.98,2005-08-21
3993,1,870,Swarm Gold,0.99,12.99,Horror,2,6.98,2005-08-20
3010,1,661,Past Suicides,4.99,17.99,Foreign,2,9.98,2005-08-20
791,1,173,Confessions Maguire,4.99,25.99,Drama,2,11.98,2005-08-17
3768,2,824,Spartacus Cheaper,4.99,19.99,Family,2,11.98,2005-08-18
2061,2,447,Ice Crossing,2.99,28.99,Games,2,7.98,2005-08-17
852,2,187,Cranes Reservoir,2.99,12.99,Sports,2,5.98,2005-08-18
1839,1,400,Hardly Robbers,2.99,15.99,Documentary,2,7.98,2005-08-22
1727,2,376,Grapes Fury,0.99,20.99,Foreign,2,1.98,2005-08-22
4459,1,974,Wild Apollo,0.99,24.99,New,2,5.98,2005-08-22
2017,1,439,Hunchback Impossible,4.99,28.99,Drama,2,15.98,2005-08-22
1634,2,356,Giant Troopers,2.99,10.99,Children,2,6.98,2005-08-17
3619,1,790,Shootist Superfly,0.99,22.99,Drama,2,2.98,2005-08-18
1541,2,337,Frida Slipper,2.99,11.99,Foreign,2,5.98,2005-08-21
1990,1,434,Horror Reign,0.99,25.99,Travel,2,7.98,2005-08-20
678,1,149,Christmas Moonshine,0.99,21.99,Children,2,2.98,2005-08-20
1598,1,350,Garden Island,4.99,21.99,Sci-Fi,2,16.98,2005-08-22
2723,2,597,Moonwalker Fool,4.99,12.99,Games,2,13.98,2005-08-23
4094,1,892,Titanic Boondock,4.99,18.99,Animation,2,12.97,2006-02-14
4072,2,887,Thief Pelican,4.99,28.99,Animation,2,11.98,2005-08-17
121,1,24,Analyze Hoosiers,2.99,19.99,Horror,2,9.98,2005-08-22
2844,1,624,Nightmare Chill,4.99,25.99,Games,2,14.98,2005-08-19
3120,1,686,Pluto Oleander,4.99,9.99,New,2,9.98,2005-08-19
181,2,40,Army Flintstones,0.99,22.99,Documentary,2,4.98,2005-08-17
2380,2,519,Liberty Magnificent,2.99,27.99,Sports,2,16.98,2005-08-20
3330,1,733,River Outlaw,0.99,29.99,Sports,2,3.99,2006-02-14
4248,2,923,Unfaithful Kill,2.99,12.99,Drama,2,6.98,2005-08-22
2197,2,475,Japanese Run,0.99,29.99,Horror,2,3.98,2005-08-21
1038,1,232,Dirty Ace,2.99,29.99,Games,2,7.98,2005-08-21
2298,1,500,Kiss Glory,4.99,11.99,Foreign,2,11.98,2005-08-20
3535,2,773,Seabiscuit Punk,2.99,28.99,Sports,2,7.98,2005-08-19
3650,1,797,Silence Kane,0.99,23.99,Music,2,1.98,2005-08-22
2828,1,621,Network Peak,2.99,23.99,Family,2,11.98,2005-08-21
3923,1,856,Streetcar Intentions,4.99,11.99,Horror,2,9.98,2005-08-23
1267,1,281,Encino Elf,0.99,9.99,Games,2,4.98,2005-08-22
2209,1,478,Jaws Harry,2.99,10.99,Comedy,2,7.98,2005-08-21
4059,2,884,Terminator Club,4.99,11.99,Music,2,13.98,2005-08-20
307,1,69,Beverly Outlaw,2.99,21.99,Sci-Fi,2,16.98,2005-08-23
169,1,37,Arizona Bang,2.99,28.99,Classics,2,7.98,2005-08-21
2986,1,655,Panther Reds,4.99,22.99,Sci-Fi,2,9.98,2005-08-21
1089,1,243,Doors President,4.99,22.99,Animation,2,10.98,2005-08-17
857,1,189,Creatures Shakespeare,0.99,23.99,Games,2,3.98,2006-02-14
394,2,86,Boogie Amelie,4.99,11.99,Music,2,10.98,2005-08-22
3778,2,827,Spice Sorority,4.99,22.99,Drama,2,12.98,2005-08-18
392,2,86,Boogie Amelie,4.99,11.99,Music,2,9.98,2005-08-18
2245,2,485,Jersey Sassy,4.99,16.99,Children,2,12.98,2005-08-18
2144,1,464,Intentions Empire,2.99,13.99,Animation,2,9.98,2006-02-14
722,2,158,Clones Pinocchio,2.99,16.99,Music,2,6.98,2005-08-22
998,2,222,Desert Poseidon,4.99,27.99,Horror,2,10.98,2005-08-20
1927,2,418,Hobbit Alien,0.99,27.99,Drama,2,4.98,2005-08-20
675,2,147,Chocolat Harry,0.99,16.99,Family,2,4.98,2005-08-20
3245,2,714,Random Go,2.99,29.99,Sci-Fi,2,5.98,2005-08-20
1507,1,330,Forrester Comancheros,4.99,22.99,Animation,2,9.98,2005-08-18
1596,1,350,Garden Island,4.99,21.99,Sci-Fi,2,14.98,2005-08-21
4373,2,953,Wait Cider,0.99,9.99,Animation,2,8.98,2005-08-19
2208,1,478,Jaws Harry,2.99,10.99,Comedy,2,6.98,2005-08-17
4518,1,986,Wonka Sea,2.99,24.99,Animation,2,8.98,2005-08-21
2953,1,648,Outlaw Hanky,4.99,17.99,Travel,2,9.98,2005-08-17
2443,1,533,Lost Bird,2.99,21.99,Foreign,2,11.98,2005-08-20
3373,2,740,Rollercoaster Bringing,2.99,13.99,Horror,2,8.98,2005-08-20
4301,2,937,Varsity Trip,2.99,14.99,New,2,5.98,2006-02-14
2500,2,549,Magnolia Forrester,0.99,28.99,Action,2,8.98,2005-08-17
3070,1,675,Phantom Glory,2.99,17.99,New,2,5.98,2005-08-19
3746,1,819,Song Hedwig,0.99,29.99,Music,2,1.98,2006-02-14
1333,2,294,Expecations Natural,4.99,26.99,Travel,2,10.98,2005-08-18
779,2,170,Command Darling,4.99,28.99,Foreign,2,16.98,2005-08-22
1169,1,259,Duck Racer,2.99,15.99,Animation,2,6.98,2005-08-23
4269,1,929,Usual Untouchables,4.99,21.99,Foreign,2,13.98,2005-08-23
3159,1,694,Prejudice Oleander,4.99,15.99,Classics,2,9.98,2005-08-18
3947,1,861,Suit Walls,4.99,12.99,Games,2,11.98,2006-02-14
2088,2,452,Illusion Amelie,0.99,15.99,Foreign,2,4.98,2005-08-23
1165,2,258,Drums Dynamite,0.99,11.99,Horror,2,1.98,2005-08-20
528,2,116,Candidate Perdition,2.99,10.99,Classics,2,13.98,2005-08-23
358,1,79,Blade Polish,0.99,10.99,Drama,2,3.98,2005-08-22
2243,2,485,Jersey Sassy,4.99,16.99,Children,2,12.98,2005-08-18
4063,1,886,Theory Mermaid,0.99,9.99,Animation,2,8.98,2005-08-17
3807,2,833,Splendor Patton,0.99,20.99,Children,2,3.98,2005-08-19
1501,1,329,Forrest Sons,2.99,15.99,Action,2,11.98,2005-08-19
879,2,193,Crossroads Casualties,2.99,20.99,Animation,2,6.98,2005-08-22
777,1,170,Command Darling,4.99,28.99,Foreign,2,16.98,2005-08-18
77,1,16,Alley Evolution,2.99,23.99,Foreign,2,5.98,2005-08-22
589,1,129,Cause Date,2.99,16.99,Documentary,2,16.98,2005-08-20
4280,2,931,Valentine Vanishing,0.99,9.99,Travel,2,2.98,2005-08-19
90,2,18,Alter Victory,0.99,27.99,Animation,2,2.98,2005-08-18
370,1,81,Blindness Gun,4.99,29.99,Sci-Fi,2,10.98,2005-08-23
520,1,115,Campus Remember,2.99,27.99,Action,2,13.98,2005-08-19
3941,1,859,Sugar Wonka,4.99,20.99,Animation,2,11.98,2005-08-20
3747,1,820,Sons Interview,2.99,11.99,Animation,2,13.97,2006-02-14
401,1,89,Borrowers Bedazzled,0.99,22.99,Animation,2,5.98,2005-08-20
3158,2,693,Potter Connecticut,2.99,16.99,Animation,2,11.98,2005-08-21
884,2,194,Crow Grease,0.99,22.99,Action,2,4.98,2005-08-21
1647,1,360,Glass Dying,0.99,24.99,Action,2,4.98,2005-08-19
3801,1,833,Splendor Patton,0.99,20.99,Children,2,1.98,2005-08-17
83,1,17,Alone Trip,0.99,14.99,Music,2,11.98,2005-08-20
3060,2,672,Perfect Groove,2.99,17.99,Comedy,2,6.98,2005-08-20
3391,2,744,Roots Remember,0.99,23.99,Classics,2,5.98,2005-08-23
3766,2,824,Spartacus Cheaper,4.99,19.99,Family,2,13.98,2005-08-19
2404,1,525,Loathing Legally,0.99,29.99,Classics,2,7.98,2005-08-19
3443,1,755,Sabrina Midnight,4.99,11.99,Children,2,9.98,2005-08-19
1031,1,231,Dinosaur Secretary,2.99,27.99,Family,2,8.98,2005-08-23
1600,2,350,Garden Island,4.99,21.99,Sci-Fi,2,12.98,2005-08-18
3157,2,693,Potter Connecticut,2.99,16.99,Animation,2,5.98,2005-08-19
2400,2,524,Lion Uncut,0.99,13.99,Comedy,2,3.98,2005-08-17
306,1,69,Beverly Outlaw,2.99,21.99,Sci-Fi,2,13.98,2005-08-21
2592,1,569,Menagerie Rushmore,2.99,18.99,Animation,2,5.98,2005-08-17
2023,1,440,Hunger Roof,0.99,21.99,Foreign,2,4.98,2005-08-19
336,1,74,Birch Antitrust,4.99,18.99,Music,2,12.98,2005-08-18
3425,1,750,Run Pacific,0.99,25.99,New,2,4.98,2005-08-22
1260,1,280,Empire Malkovich,0.99,26.99,Children,2,3.98,2005-08-17
4208,1,915,Truman Crazy,4.99,9.99,Action,2,9.98,2005-08-19
69,2,13,Ali Forever,4.99,21.99,Horror,2,9.98,2005-08-22
893,2,199,Cupboard Sinners,2.99,29.99,Documentary,2,8.98,2005-08-17
3880,1,848,Stone Fire,0.99,19.99,Travel,2,6.98,2005-08-20
2784,1,611,Musketeers Wait,4.99,17.99,Classics,2,9.98,2005-08-18
1723,1,376,Grapes Fury,0.99,20.99,Foreign,2,5.98,2005-08-18
3488,2,764,Saturday Lambs,4.99,28.99,Sports,2,15.98,2005-08-21
3444,1,755,Sabrina Midnight,4.99,11.99,Children,2,13.98,2005-08-19
3023,1,664,Patriot Roman,2.99,12.99,Action,2,8.98,2005-08-17
2246,1,486,Jet Neighbors,4.99,14.99,Foreign,2,9.98,2005-08-19
3059,2,672,Perfect Groove,2.99,17.99,Comedy,2,5.98,2005-08-22
1195,1,266,Dynamite Tarzan,0.99,27.99,Classics,2,11.98,2005-08-19
1698,1,370,Gorgeous Bingo,2.99,26.99,Children,2,8.98,2005-08-19
1793,2,389,Gunfighter Mussolini,2.99,9.99,Sports,2,11.98,2005-08-21
2681,2,588,Model Fish,4.99,11.99,Children,2,11.98,2005-08-21
3953,1,862,Summer Scarface,0.99,25.99,Classics,2,1.98,2006-02-14
2155,2,465,Interview Liaisons,4.99,17.99,New,2,12.98,2005-08-17
1767,1,383,Groove Fiction,0.99,13.99,Sports,2,6.98,2005-08-18
4325,1,942,Vietnam Smoochy,0.99,27.99,Drama,2,3.98,2005-08-18
36,2,7,Airplane Sierra,4.99,28.99,Comedy,2,9.98,2005-08-18
3398,2,745,Roses Treasure,4.99,23.99,Sports,2,13.98,2005-08-18
4383,2,957,War Notting,4.99,26.99,Foreign,2,9.98,2005-08-22
1005,1,225,Destination Jerk,0.99,19.99,Drama,2,11.98,2005-08-21
1813,1,394,Hamlet Wisdom,2.99,21.99,Sci-Fi,2,6.98,2005-08-20
3051,1,670,Pelican Comforts,4.99,17.99,Documentary,2,14.98,2005-08-18
2068,2,448,Idaho Love,2.99,25.99,New,2,8.98,2005-08-20
3247,1,715,Range Moonwalker,4.99,25.99,Family,2,14.98,2005-08-23
4173,1,907,Translation Summer,0.99,10.99,Drama,2,1.98,2005-08-19
2330,1,506,Lady Stage,4.99,14.99,Horror,2,11.98,2005-08-20
3451,1,757,Sagebrush Clueless,2.99,28.99,Documentary,2,15.98,2005-08-23
3358,2,737,Rock Instinct,0.99,28.99,Horror,2,5.98,2005-08-23
1447,1,317,Fireball Philadelphia,0.99,25.99,Comedy,2,7.98,2005-08-19
2991,2,655,Panther Reds,4.99,22.99,Sci-Fi,2,14.98,2005-08-18
4354,1,949,Volcano Texas,0.99,27.99,Games,2,2.98,2005-08-17
2705,1,594,Montezuma Command,0.99,22.99,Action,2,1.98,2005-08-23
2150,2,464,Intentions Empire,2.99,13.99,Animation,2,10.98,2005-08-22
1037,1,232,Dirty Ace,2.99,29.99,Games,2,5.98,2005-08-18
3820,1,836,Squad Fish,2.99,14.99,Sports,2,8.98,2005-08-19
4247,2,923,Unfaithful Kill,2.99,12.99,Drama,2,7.98,2005-08-18
1153,1,255,Driving Polish,4.99,21.99,Music,2,11.98,2005-08-22
1499,2,328,Forever Candidate,2.99,28.99,Children,2,5.98,2005-08-18
2138,2,462,Insider Arizona,2.99,17.99,Music,2,9.98,2005-08-18
4180,2,910,Treatment Jekyll,0.99,19.99,Drama,2,1.98,2005-08-21
1609,2,351,Gaslight Crusade,2.99,10.99,Horror,2,5.98,2005-08-17
2862,2,627,North Tequila,4.99,9.99,Documentary,2,9.98,2005-08-17
3056,1,672,Perfect Groove,2.99,17.99,Comedy,2,7.98,2005-08-22
177,2,39,Armageddon Lost,0.99,10.99,Sci-Fi,2,1.98,2006-02-14
1098,1,244,Dorado Notting,4.99,26.99,Music,2,12.98,2005-08-17
1297,2,286,Enough Raging,2.99,16.99,Travel,2,5.98,2005-08-20
57,2,11,Alamo Videotape,0.99,16.99,Foreign,2,2.98,2005-08-18
3735,2,816,Snowman Rollercoaster,0.99,27.99,Animation,2,4.98,2005-08-18
1610,2,352,Gathering Calendar,0.99,22.99,Games,2,4.98,2005-08-17
1807,1,392,Hall Cassidy,4.99,13.99,Children,2,12.98,2005-08-23
956,1,213,Date Speed,0.99,19.99,Family,2,6.98,2005-08-18
3598,2,786,Shepherd Midsummer,0.99,14.99,Children,2,2.98,2005-08-23
344,1,76,Birdcage Casper,0.99,23.99,Music,2,6.98,2005-08-17
552,1,120,Caribbean Liberty,4.99,16.99,Sports,2,16.98,2005-08-02
84,2,17,Alone Trip,0.99,14.99,Music,2,9.98,2005-08-21
413,1,91,Bound Cheaper,0.99,17.99,Classics,2,4.98,2005-08-22
747,2,163,Clyde Theory,0.99,29.99,New,2,1.98,2005-08-23
332,2,73,Bingo Talented,2.99,22.99,Sci-Fi,2,9.98,2005-08-19
3460,1,759,Salute Apollo,2.99,29.99,New,2,6.98,2005-08-22
1933,2,420,Holes Brannigan,4.99,27.99,Sports,2,11.98,2005-08-18
2648,1,580,Mine Titans,4.99,12.99,New,2,19.98,2005-08-20
1018,1,228,Detective Vision,0.99,16.99,Classics,2,8.98,2005-08-22
3992,1,870,Swarm Gold,0.99,12.99,Horror,2,2.98,2005-08-22
13,2,3,Adaptation Holes,2.99,18.99,Documentary,2,5.98,2005-08-23
2266,2,489,Juggler Hardly,0.99,14.99,Animation,2,1.98,2006-02-14
508,2,113,California Birds,4.99,19.99,Sports,2,13.98,2005-08-20
1328,2,293,Exorcist Sting,2.99,17.99,Sports,2,5.98,2005-08-18
4465,2,975,Willow Tracy,2.99,22.99,Family,2,5.98,2005-08-23
2554,1,560,Mars Roman,0.99,21.99,Games,2,4.98,2005-08-18
2325,2,505,Labyrinth League,2.99,24.99,Children,2,6.98,2005-08-22
1262,1,280,Empire Malkovich,0.99,26.99,Children,2,1.98,2005-08-20
4295,2,936,Vanishing Rocky,2.99,21.99,Music,2,10.98,2005-08-21
283,2,63,Bedazzled Married,0.99,21.99,Family,2,3.98,2005-08-21
1663,1,363,Go Purple,0.99,12.99,Music,2,3.98,2005-08-23
2303,2,500,Kiss Glory,4.99,11.99,Foreign,2,9.98,2005-08-19
2854,2,625,None Spiking,0.99,18.99,Sci-Fi,2,1.98,2005-08-19
1416,1,310,Fever Empire,4.99,20.99,Games,2,11.98,2005-08-18
1645,2,358,Gilmore Boiled,0.99,29.99,Classics,2,4.98,2005-08-18
2531,2,555,Mallrats United,0.99,25.99,Comedy,2,6.98,2005-08-19
4222,2,918,Twisted Pirates,4.99,23.99,Children,2,10.98,2005-08-19
1341,2,295,Expendable Stallion,0.99,14.99,Documentary,2,8.98,2005-08-23
4141,1,900,Town Ark,2.99,17.99,Foreign,2,5.98,2005-08-17
1325,1,293,Exorcist Sting,2.99,17.99,Sports,2,9.98,2005-08-21
3676,2,804,Sleeping Suspects,4.99,13.99,Horror,2,9.98,2005-08-18
4041,1,880,Telemark Heartbreakers,2.99,9.99,Animation,2,5.98,2005-08-19
1882,1,410,Heaven Freedom,2.99,19.99,Comedy,2,5.98,2005-08-23
2902,1,638,Operation Operation,2.99,23.99,Comedy,2,5.98,2006-02-14
817,1,178,Connection Microcosmos,0.99,25.99,Comedy,2,1.98,2006-02-14
4129,2,897,Torque Bound,4.99,27.99,Drama,2,21.98,2005-08-18
156,2,34,Arabia Dogma,0.99,29.99,Horror,2,4.98,2005-08-19
2473,1,542,Lust Lock,2.99,28.99,Action,2,9.98,2005-08-19
3218,1,707,Quest Mussolini,2.99,29.99,Action,2,7.98,2005-08-22
1430,1,313,Fidelity Devil,4.99,11.99,Horror,2,13.98,2005-08-21
2399,2,524,Lion Uncut,0.99,13.99,Comedy,2,3.98,2005-08-18
2083,2,451,Igby Maker,4.99,12.99,Travel,2,9.98,2006-02-14
3703,1,810,Slums Duck,0.99,21.99,Family,2,5.98,2005-08-17
2059,1,447,Ice Crossing,2.99,28.99,Games,2,5.98,2005-08-23
2595,2,570,Mermaid Insects,4.99,20.99,Sports,2,15.98,2005-08-21
54,1,11,Alamo Videotape,0.99,16.99,Foreign,2,1.98,2005-08-18
894,2,199,Cupboard Sinners,2.99,29.99,Documentary,2,7.98,2005-08-21
2775,2,609,Muscle Bright,2.99,23.99,Travel,2,7.98,2005-08-23
3482,2,763,Satisfaction Confidential,4.99,26.99,Sports,2,19.98,2005-08-18
137,1,27,Anonymous Human,0.99,12.99,Sports,2,3.98,2005-08-17
3458,2,758,Saints Bride,2.99,11.99,Drama,2,7.98,2005-08-22
1770,2,384,Grosse Wonderful,4.99,19.99,Music,2,14.98,2005-08-19
4400,1,962,Wasteland Divine,2.99,18.99,Classics,2,7.98,2005-08-20
2476,2,542,Lust Lock,2.99,28.99,Action,2,15.96,2006-02-14
1646,2,358,Gilmore Boiled,0.99,29.99,Classics,2,1.98,2005-08-22
2379,2,519,Liberty Magnificent,2.99,27.99,Sports,2,9.98,2005-08-23
1371,2,301,Family Sweet,0.99,24.99,Horror,2,3.98,2005-08-17
1088,2,242,Doom Dancing,0.99,13.99,Comedy,2,10.98,2005-08-22
4139,1,899,Towers Hurricane,0.99,14.99,Classics,2,1.98,2005-08-18
2966,2,650,Pacific Amistad,0.99,27.99,Documentary,2,4.98,2005-08-22
1384,1,304,Fargo Gandhi,2.99,28.99,Children,2,6.98,2005-08-22
1894,2,412,Heavyweights Beast,4.99,25.99,Documentary,2,11.98,2005-08-21
3400,2,745,Roses Treasure,4.99,23.99,Sports,2,9.98,2005-08-19
3789,2,829,Spinal Rocky,2.99,12.99,Family,2,5.98,2005-08-20
1280,1,283,Ending Crowds,0.99,10.99,New,2,4.98,2005-08-21
3283,2,723,Reign Gentlemen,2.99,29.99,Sci-Fi,2,5.98,2005-08-19
4118,2,895,Tomorrow Hustler,2.99,21.99,Classics,2,7.98,2005-08-23
3465,1,760,Samurai Lion,2.99,21.99,New,2,6.98,2005-08-21
4190,1,912,Trojan Tomorrow,2.99,9.99,Sci-Fi,2,5.98,2005-08-19
2689,2,590,Money Harold,2.99,17.99,New,2,7.98,2005-08-19
4253,2,924,Unforgiven Zoolander,0.99,15.99,Sci-Fi,2,3.98,2005-08-17
1052,2,234,Disturbing Scarface,2.99,27.99,Sci-Fi,2,5.98,2005-08-21
4311,2,939,Vertigo Northwest,2.99,17.99,Comedy,2,5.98,2005-08-17
714,2,156,Clerks Angels,4.99,15.99,Documentary,2,14.98,2005-08-21
3396,1,745,Roses Treasure,4.99,23.99,Sports,2,13.98,2005-08-19
3714,2,812,Smoking Barbarella,0.99,13.99,Documentary,2,1.98,2005-08-21
4013,2,873,Sweethearts Suspects,0.99,13.99,Children,2,5.98,2005-08-20
3847,2,842,State Wasteland,2.99,13.99,Games,2,13.98,2005-08-20
2070,2,449,Identity Lover,2.99,12.99,Sci-Fi,2,11.98,2005-08-21
381,1,84,Boiled Dares,4.99,13.99,Travel,2,9.98,2005-08-20
544,1,119,Caper Motions,0.99,22.99,Comedy,2,4.98,2005-08-23
2674,2,586,Mockingbird Hollywood,0.99,27.99,Action,2,6.98,2005-08-17
1079,2,240,Dolls Rage,2.99,10.99,Sci-Fi,2,6.98,2005-08-18
3180,1,698,Princess Giant,2.99,29.99,Documentary,2,15.98,2005-08-20
603,1,131,Center Dinosaur,4.99,12.99,Classics,2,17.98,2005-08-20
3278,2,722,Reef Salute,0.99,26.99,Horror,2,2.98,2005-08-20
2350,2,511,Lawrence Love,0.99,23.99,Action,2,2.98,2005-08-23
2560,1,561,Mask Peach,2.99,26.99,New,2,8.98,2005-08-21
1582,1,347,Games Bowfinger,4.99,17.99,Travel,2,9.98,2005-08-20
3414,1,748,Rugrats Shakespeare,0.99,16.99,Action,2,1.98,2005-08-22
2722,2,597,Moonwalker Fool,4.99,12.99,Games,2,13.98,2005-08-22
798,1,174,Confidential Interview,4.99,13.99,Music,2,11.98,2005-08-21
1747,1,380,Greek Everyone,2.99,11.99,Foreign,2,6.98,2005-08-19
1205,2,267,Eagles Panky,4.99,14.99,New,2,13.98,2005-08-21
1560,1,342,Fugitive Maguire,4.99,28.99,Travel,2,9.98,2005-08-23
4381,1,957,War Notting,4.99,26.99,Foreign,2,10.98,2005-08-20
4284,2,932,Valley Packer,0.99,21.99,Comedy,2,6.98,2005-08-20
3594,1,786,Shepherd Midsummer,0.99,14.99,Children,2,1.98,2005-08-19
781,2,170,Command Darling,4.99,28.99,Foreign,2,12.98,2005-08-19
1274,1,282,Encounters Curtain,0.99,20.99,Drama,2,5.98,2005-08-21
1249,1,276,Element Freddy,4.99,28.99,Comedy,2,10.98,2005-08-17
4071,2,887,Thief Pelican,4.99,28.99,Animation,2,9.98,2005-08-18
209,2,46,Autumn Crow,4.99,13.99,Games,2,14.98,2005-08-17
1276,2,282,Encounters Curtain,0.99,20.99,Drama,2,1.98,2005-08-22
2438,2,532,Loser Hustler,4.99,28.99,Sports,2,14.98,2005-08-17
3811,1,835,Spy Mile,2.99,13.99,Games,2,6.98,2005-08-22
3205,2,704,Pure Runner,2.99,25.99,Comedy,2,13.98,2005-08-18
254,1,57,Basic Easy,2.99,18.99,Travel,2,6.98,2005-08-23
926,1,206,Dancing Fever,0.99,25.99,Documentary,2,2.98,2005-08-18
175,1,39,Armageddon Lost,0.99,10.99,Sci-Fi,2,2.98,2005-08-19
3935,2,858,Submarine Bed,4.99,21.99,Comedy,2,9.98,2005-08-20
981,1,219,Deep Crusade,4.99,20.99,Documentary,2,9.98,2006-02-14
4002,2,871,Sweden Shining,4.99,19.99,Comedy,2,9.98,2005-08-20
4571,2,999,Zoolander Fiction,2.99,28.99,Children,2,12.98,2005-08-17
2824,1,620,Nemo Campus,2.99,23.99,Sci-Fi,2,5.98,2005-08-23
3181,1,698,Princess Giant,2.99,29.99,Documentary,2,6.99,2006-02-14
1633,2,356,Giant Troopers,2.99,10.99,Children,2,5.98,2005-08-22
472,2,103,Bucket Brotherhood,4.99,27.99,Travel,2,9.98,2005-08-19
827,1,181,Contact Anonymous,2.99,10.99,Travel,2,5.98,2005-08-18
859,2,189,Creatures Shakespeare,0.99,23.99,Games,2,8.98,2005-08-18
2336,2,507,Ladybugs Armageddon,0.99,13.99,Games,2,5.98,2005-08-22
2042,1,444,Hustler Party,4.99,22.99,Comedy,2,16.98,2005-08-20
2024,1,440,Hunger Roof,0.99,21.99,Foreign,2,2.98,2005-08-21
3821,1,836,Squad Fish,2.99,14.99,Sports,2,9.98,2005-08-20
3507,1,768,Scarface Bang,4.99,11.99,Children,2,11.98,2006-02-14
1771,2,384,Grosse Wonderful,4.99,19.99,Music,2,11.98,2005-08-21
2474,1,542,Lust Lock,2.99,28.99,Action,2,10.97,2006-02-14
3233,1,710,Rage Games,4.99,18.99,Family,2,9.98,2005-08-23
1004,1,225,Destination Jerk,0.99,19.99,Drama,2,6.98,2005-08-21
3510,2,768,Scarface Bang,4.99,11.99,Children,2,13.98,2005-08-21
4538,1,991,Worst Banger,2.99,26.99,Action,2,7.98,2005-08-17
3584,1,784,Shanghai Tycoon,2.99,20.99,Travel,2,5.98,2005-08-19
545,1,119,Caper Motions,0.99,22.99,Comedy,2,3.98,2005-08-23
525,2,115,Campus Remember,2.99,27.99,Action,2,9.98,2005-08-20
3097,2,680,Pinocchio Simon,4.99,21.99,Comedy,2,9.98,2005-08-20
250,1,56,Barefoot Manchurian,2.99,15.99,Action,2,5.98,2005-08-17
3840,2,841,Star Operation,2.99,9.99,Sports,2,12.98,2005-08-22
1840,1,400,Hardly Robbers,2.99,15.99,Documentary,2,7.98,2005-08-18
3867,1,846,Sting Personal,4.99,9.99,New,2,14.98,2005-08-19
4351,2,948,Voice Peach,0.99,22.99,New,2,3.98,2005-08-21
631,2,137,Charade Duffel,2.99,21.99,Sci-Fi,2,7.98,2005-08-17
2183,2,471,Island Exorcist,2.99,23.99,Classics,2,9.98,2005-08-20
464,2,102,Bubble Grosse,4.99,20.99,Sports,2,10.98,2006-02-14
3590,1,785,Shawshank Bubble,4.99,20.99,Travel,2,13.98,2005-08-23
3290,2,724,Remember Diary,2.99,15.99,Family,2,7.98,2005-08-17
4097,2,892,Titanic Boondock,4.99,18.99,Animation,2,9.98,2005-08-21
2713,2,595,Moon Bunch,0.99,20.99,Foreign,2,3.98,2005-08-19
1969,2,429,Honey Ties,0.99,29.99,Sports,2,5.98,2005-08-21
1971,2,429,Honey Ties,0.99,29.99,Sports,2,6.98,2005-08-20
1900,1,414,Hellfighters Sierra,2.99,23.99,Foreign,2,6.98,2005-08-22
2668,1,586,Mockingbird Hollywood,0.99,27.99,Action,2,1.98,2005-08-20
713,2,155,Cleopatra Devil,0.99,26.99,New,2,0.99,2006-02-14
4105,2,893,Titans Jerk,4.99,11.99,Sci-Fi,2,11.98,2005-08-21
1668,1,364,Godfather Diary,2.99,14.99,New,2,13.98,2005-08-22
4127,1,897,Torque Bound,4.99,27.99,Drama,2,9.98,2005-08-18
3190,2,700,Prix Undefeated,2.99,13.99,Family,2,5.98,2005-08-19
2293,1,498,Killer Innocent,2.99,11.99,Family,2,6.98,2005-08-18
3777,2,827,Spice Sorority,4.99,22.99,Drama,2,11.98,2005-08-18
900,1,200,Curtain Videotape,0.99,27.99,Games,2,1.98,2005-08-20
3167,1,696,Pride Alamo,0.99,20.99,Animation,2,1.98,2006-02-14
4016,1,875,Talented Homicide,0.99,9.99,Sports,2,4.98,2005-08-18
1353,2,298,Eyes Driving,2.99,13.99,Sci-Fi,2,8.98,2005-08-20
867,1,191,Crooked Frogmen,0.99,27.99,Children,2,1.98,2005-08-20
2126,2,460,Innocent Usual,4.99,26.99,Foreign,2,16.98,2005-08-19
64,2,12,Alaska Phantom,0.99,22.99,Music,2,1.98,2005-08-23
4058,2,884,Terminator Club,4.99,11.99,Music,2,13.98,2005-08-18
180,2,39,Armageddon Lost,0.99,10.99,Sci-Fi,2,7.98,2005-08-23
733,2,160,Club Graffiti,0.99,12.99,Animation,2,2.97,2006-02-14
4547,1,993,Wrong Behavior,2.99,10.99,Children,2,5.98,2005-08-20
3520,1,771,Scorpion Apollo,4.99,23.99,Drama,2,19.98,2005-08-21
4565,1,997,Youth Kick,0.99,14.99,Music,2,7.98,2005-08-18
2503,1,550,Maguire Apache,2.99,22.99,Family,2,7.98,2005-08-20
3300,2,726,Reservoir Adaptation,2.99,29.99,Foreign,2,5.98,2005-08-19
1078,2,240,Dolls Rage,2.99,10.99,Sci-Fi,2,7.98,2005-08-21
81,1,17,Alone Trip,0.99,14.99,Music,2,5.98,2006-02-14
3918,2,855,Streak Ridgemont,0.99,28.99,Documentary,2,1.98,2005-08-22
3872,2,846,Sting Personal,4.99,9.99,New,2,14.98,2005-08-19
2002,1,436,Hours Rage,0.99,14.99,New,2,9.98,2005-08-22
3674,1,804,Sleeping Suspects,4.99,13.99,Horror,2,9.98,2005-08-21
756,2,165,Coldblooded Darling,4.99,27.99,Sci-Fi,2,9.98,2005-08-20
1658,2,361,Gleaming Jawbreaker,2.99,25.99,Sports,2,9.97,2006-02-14
193,2,43,Atlantis Cause,2.99,15.99,Family,2,6.98,2005-08-19
969,1,216,Day Unfaithful,4.99,16.99,New,2,14.98,2005-08-19
2226,2,481,Jekyll Frogmen,2.99,22.99,New,2,7.98,2005-08-19
3334,2,733,River Outlaw,0.99,29.99,Sports,2,3.98,2005-08-23
1136,1,252,Dream Pickup,2.99,18.99,Action,2,10.98,2005-08-17
290,2,65,Behavior Runaway,4.99,20.99,Horror,2,16.98,2005-08-19
1155,1,255,Driving Polish,4.99,21.99,Music,2,12.98,2005-08-20
4070,1,887,Thief Pelican,4.99,28.99,Animation,2,13.98,2005-08-22
925,1,205,Dances None,0.99,22.99,Action,2,1.98,2006-02-14
4240,1,922,Undefeated Dalmations,4.99,22.99,Horror,2,9.98,2005-08-16
4196,1,913,Troopers Metal,0.99,20.99,New,2,11.98,2005-08-20
1593,2,349,Gangs Pride,2.99,27.99,Animation,2,11.98,2005-08-22
918,1,204,Dalmations Sweden,0.99,25.99,Drama,2,7.98,2005-08-21
2228,1,482,Jeopardy Encino,0.99,12.99,Classics,2,1.98,2005-08-20
2093,2,453,Image Princess,2.99,17.99,Sports,2,12.98,2005-08-23
3077,1,677,Pianist Outfield,0.99,25.99,New,2,1.98,2005-08-19
1612,2,352,Gathering Calendar,0.99,22.99,Games,2,2.98,2005-08-21
2378,2,518,Liaisons Sweet,4.99,15.99,Travel,2,9.98,2005-08-22
3292,1,725,Requiem Tycoon,4.99,25.99,Classics,2,10.98,2005-08-22
348,1,77,Birds Perdition,4.99,15.99,New,2,9.98,2005-08-20
4288,2,934,Vanilla Day,4.99,20.99,Games,2,9.98,2005-08-21
3978,1,867,Super Wyoming,4.99,10.99,Family,2,16.98,2005-08-20
3377,1,741,Roman Punk,0.99,28.99,Music,2,1.98,2005-08-17
974,1,218,Deceiver Betrayed,0.99,22.99,Drama,2,1.98,2005-08-22
3863,2,845,Stepmom Dream,4.99,9.99,Foreign,2,12.98,2005-08-19
311,2,69,Beverly Outlaw,2.99,21.99,Sci-Fi,2,5.98,2005-08-21
663,2,143,Chill Luck,0.99,17.99,Drama,2,1.98,2005-08-18
2043,2,444,Hustler Party,4.99,22.99,Comedy,2,17.98,2005-08-18
690,1,151,Cincinatti Whisperer,4.99,26.99,Sci-Fi,2,11.98,2005-08-21
3782,2,828,Spiking Element,2.99,12.99,Classics,2,5.98,2005-08-22
2239,1,484,Jerk Paycheck,2.99,13.99,Classics,2,16.98,2005-08-20
2130,2,461,Insects Stone,0.99,14.99,Animation,2,1.98,2005-08-18
3017,2,662,Paths Control,4.99,9.99,Drama,2,20.98,2005-08-23
3272,2,720,Redemption Comforts,2.99,20.99,New,2,5.98,2005-08-21
934,1,207,Dangerous Uptown,4.99,26.99,Foreign,2,9.98,2005-08-20
1545,2,338,Frisco Forrest,4.99,23.99,Sci-Fi,2,10.98,2006-02-14
2237,1,484,Jerk Paycheck,2.99,13.99,Classics,2,6.98,2005-08-17
1773,1,385,Groundhog Uncut,4.99,26.99,Comedy,2,13.98,2005-08-23
803,1,175,Confused Candles,2.99,27.99,Family,2,8.98,2005-08-19
2525,1,555,Mallrats United,0.99,25.99,Comedy,2,1.98,2005-08-22
4367,1,952,Wagon Jaws,2.99,17.99,Documentary,2,7.98,2005-08-21
2426,1,529,Lonely Elephant,2.99,12.99,Comedy,2,10.98,2005-08-21
2111,2,457,Independence Hotel,0.99,21.99,Documentary,2,3.98,2005-08-17
1775,2,385,Groundhog Uncut,4.99,26.99,Comedy,2,9.98,2006-02-14
9,2,2,Ace Goldfinger,4.99,12.99,Horror,2,9.98,2006-02-14
1059,2,235,Divide Monster,2.99,13.99,Sci-Fi,2,5.98,2005-08-18
3751,2,820,Sons Interview,2.99,11.99,Animation,2,10.98,2006-02-14
2952,1,648,Outlaw Hanky,4.99,17.99,Travel,2,9.98,2005-08-18
2103,2,456,Inch Jet,4.99,18.99,Animation,2,9.98,2005-08-23
3587,2,784,Shanghai Tycoon,2.99,20.99,Travel,2,5.98,2005-08-20
2411,2,526,Lock Rear,2.99,10.99,Travel,2,5.98,2005-08-17
2550,2,559,Married Go,2.99,22.99,Sci-Fi,2,5.98,2005-08-20
4414,1,965,Watership Frontier,0.99,28.99,Horror,2,5.98,2005-08-22
1023,1,229,Devil Desire,4.99,12.99,Action,2,10.98,2005-08-22
426,1,94,Braveheart Human,2.99,14.99,Family,2,7.98,2005-08-19
3887,2,849,Storm Happiness,0.99,28.99,Animation,2,4.98,2005-08-20
388,1,86,Boogie Amelie,4.99,11.99,Music,2,13.98,2005-08-17
3717,2,813,Smoochy Control,0.99,18.99,Sports,2,2.98,2005-08-18
876,1,193,Crossroads Casualties,2.99,20.99,Animation,2,11.98,2005-08-19
875,1,193,Crossroads Casualties,2.99,20.99,Animation,2,5.98,2005-08-20
1029,1,231,Dinosaur Secretary,2.99,27.99,Family,2,7.98,2005-08-19
2273,2,491,Jumping Wrath,0.99,18.99,Children,2,7.98,2005-08-19
4513,2,985,Wonderland Christmas,4.99,19.99,Sci-Fi,2,14.98,2005-08-22
3188,1,699,Private Drop,4.99,26.99,Games,2,11.98,2005-08-19
4119,2,895,Tomorrow Hustler,2.99,21.99,Classics,2,7.98,2005-08-21
1532,1,335,Freedom Cleopatra,0.99,23.99,Comedy,2,2.98,2005-08-21
2244,2,485,Jersey Sassy,4.99,16.99,Children,2,13.98,2005-08-18
4102,1,893,Titans Jerk,4.99,11.99,Sci-Fi,2,12.98,2005-08-21
2791,2,612,Mussolini Spoilers,2.99,10.99,Sports,2,5.98,2005-08-18
540,1,118,Canyon Stock,0.99,26.99,Animation,2,1.98,2005-08-18
3081,2,677,Pianist Outfield,0.99,25.99,New,2,3.98,2005-08-18
3339,2,734,Road Roxanne,4.99,12.99,Documentary,2,17.98,2005-08-18
1232,1,273,Effect Gladiator,0.99,14.99,Family,2,3.98,2005-08-21
4162,1,904,Train Bunch,4.99,26.99,Horror,2,9.98,2005-08-22
1072,1,239,Dogma Family,4.99,16.99,Animation,2,15.98,2005-08-19
1470,1,322,Flatliners Killer,2.99,29.99,Sports,2,8.98,2005-08-20
1576,1,346,Galaxy Sweethearts,4.99,13.99,Classics,2,13.98,2005-08-19
1448,1,317,Fireball Philadelphia,0.99,25.99,Comedy,2,4.98,2005-08-21
1566,1,344,Fury Murder,0.99,28.99,Children,2,9.98,2005-08-19
2731,1,599,Mother Oleander,0.99,20.99,Sports,2,14.98,2005-08-17
321,1,72,Bill Others,2.99,12.99,Documentary,2,5.98,2005-08-23
3513,2,769,School Jacket,4.99,21.99,Foreign,2,14.98,2005-08-21
3199,2,702,Pulp Beverly,2.99,12.99,Horror,2,8.98,2005-08-18
1883,1,410,Heaven Freedom,2.99,19.99,Comedy,2,5.98,2005-08-22
160,1,35,Arachnophobia Rollercoaster,2.99,24.99,Horror,2,6.98,2005-08-22
2297,1,500,Kiss Glory,4.99,11.99,Foreign,2,9.98,2005-08-17
3280,1,723,Reign Gentlemen,2.99,29.99,Sci-Fi,2,10.98,2005-08-23
1762,2,382,Grit Clockwork,0.99,21.99,Games,2,1.98,2005-08-19
3753,2,821,Sorority Queen,0.99,17.99,Foreign,2,3.98,2005-08-19
1876,1,409,Heartbreakers Bright,4.99,9.99,Children,2,13.98,2005-08-18
2206,2,477,Jawbreaker Brooklyn,0.99,15.99,Music,2,1.98,2005-08-17
2545,2,558,Mannequin Worst,2.99,18.99,New,2,11.98,2005-08-22
4053,1,882,Tenenbaums Command,0.99,24.99,Drama,2,1.98,2005-08-18
3408,2,747,Roxanne Rebel,0.99,9.99,Games,2,1.98,2005-08-22
2309,1,502,Knock Warlock,2.99,21.99,Comedy,2,7.98,2005-08-19
1132,1,251,Dragonfly Strangers,4.99,19.99,New,2,9.98,2006-02-14
199,2,44,Attacks Hate,4.99,21.99,Sci-Fi,2,14.98,2005-08-18
2956,2,648,Outlaw Hanky,4.99,17.99,Travel,2,11.98,2005-08-19
2946,1,647,Outfield Massacre,0.99,18.99,Music,2,3.98,2006-02-14
3478,2,762,Sassy Packer,0.99,29.99,Games,2,1.98,2005-08-21
1844,1,402,Harper Dying,0.99,15.99,Animation,2,10.98,2005-08-18
1390,1,305,Fatal Haunted,2.99,24.99,New,2,5.98,2005-08-19
2532,1,556,Maltese Hope,4.99,26.99,Games,2,12.98,2005-08-19
2332,1,506,Lady Stage,4.99,14.99,Horror,2,19.98,2005-08-21
1563,1,343,Full Flatliners,2.99,14.99,Children,2,7.98,2005-08-20
2623,2,575,Midsummer Groundhog,4.99,27.99,Documentary,2,16.98,2005-08-21
281,1,63,Bedazzled Married,0.99,21.99,Family,2,1.98,2005-08-23
704,1,154,Clash Freddy,2.99,12.99,Animation,2,5.98,2005-08-19
3581,1,783,Shane Darkness,2.99,22.99,Travel,2,10.98,2005-08-21
613,1,133,Chamber Italian,4.99,14.99,Music,2,9.98,2005-08-17
3014,1,662,Paths Control,4.99,9.99,Drama,2,15.98,2005-08-23
3227,1,709,Racer Egg,2.99,19.99,Drama,2,5.98,2005-08-20
4197,1,913,Troopers Metal,0.99,20.99,New,2,7.98,2005-08-16
2696,1,592,Monster Spartacus,2.99,28.99,Music,2,5.98,2005-08-22
3763,2,823,South Wait,2.99,21.99,Action,2,10.98,2006-02-14
649,1,141,Chicago North,4.99,11.99,Games,2,12.98,2005-08-21
1743,2,379,Greedy Roots,0.99,14.99,Drama,2,1.98,2005-08-17
2365,2,514,Lebowski Soldiers,2.99,17.99,Drama,2,5.98,2005-08-17
4501,2,982,Women Dorado,0.99,23.99,Action,2,6.98,2005-08-19
2163,2,467,Intrigue Worst,0.99,10.99,Foreign,2,3.98,2005-08-18
2640,1,579,Minds Truman,4.99,22.99,Action,2,17.98,2005-08-21
2177,1,470,Ishtar Rocketeer,4.99,24.99,Animation,2,15.98,2005-08-20
1301,1,287,Entrapment Satisfaction,0.99,19.99,Action,2,5.98,2005-08-19
4475,1,978,Wisdom Worker,0.99,12.99,Comedy,2,10.98,2005-08-17
4130,2,897,Torque Bound,4.99,27.99,Drama,2,12.97,2006-02-14
2360,1,514,Lebowski Soldiers,2.99,17.99,Drama,2,5.98,2005-08-18
4335,1,945,Virginian Pluto,0.99,22.99,Documentary,2,6.98,2005-08-19
317,2,71,Bilko Anonymous,4.99,25.99,Family,2,14.98,2005-08-17
1912,1,416,Highball Potter,0.99,10.99,Foreign,2,3.98,2005-08-20
1051,1,234,Disturbing Scarface,2.99,27.99,Sci-Fi,2,5.98,2005-08-22
1419,1,311,Fiction Christmas,0.99,14.99,Foreign,2,5.98,2005-08-22
475,2,104,Bugsy Song,2.99,17.99,Foreign,2,12.98,2005-08-21
1559,1,342,Fugitive Maguire,4.99,28.99,Travel,2,9.98,2005-08-21
2321,1,504,Kwai Homeward,0.99,25.99,Drama,2,4.98,2005-08-17
1504,2,329,Forrest Sons,2.99,15.99,Action,2,10.98,2005-08-21
801,2,174,Confidential Interview,4.99,13.99,Music,2,13.98,2005-08-23
3554,1,777,Secretary Rouge,4.99,10.99,Sports,2,9.98,2005-08-22
2901,1,638,Operation Operation,2.99,23.99,Comedy,2,6.98,2005-08-20
3808,2,834,Spoilers Hellfighters,0.99,26.99,Documentary,2,2.98,2005-08-23
477,1,105,Bull Shawshank,0.99,21.99,Action,2,2.98,2005-08-21
1082,1,241,Donnie Alley,0.99,20.99,Animation,2,6.98,2005-08-20
4321,2,941,Videotape Arsenic,4.99,10.99,Games,2,11.98,2005-08-22
1673,2,365,Gold River,4.99,21.99,Comedy,2,13.98,2005-08-17
939,1,208,Dares Pluto,2.99,16.99,Animation,2,6.98,2005-08-18
3822,2,837,Stage World,2.99,19.99,Comedy,2,9.98,2005-08-20
3601,1,787,Shining Roses,0.99,12.99,Travel,2,8.98,2005-08-18
2027,1,441,Hunter Alter,2.99,21.99,Documentary,2,6.98,2005-08-23
3994,1,870,Swarm Gold,0.99,12.99,Horror,2,4.98,2005-08-20
335,1,74,Birch Antitrust,4.99,18.99,Music,2,10.98,2005-08-22
700,1,153,Citizen Shrek,0.99,18.99,Sci-Fi,2,3.98,2005-08-20
3145,2,690,Pond Seattle,2.99,25.99,Animation,2,6.98,2005-08-20
2370,2,516,Legend Jedi,0.99,18.99,Music,2,4.98,2005-08-19
4239,1,922,Undefeated Dalmations,4.99,22.99,Horror,2,9.98,2005-08-23
1120,2,248,Dozen Lion,4.99,20.99,Documentary,2,9.98,2005-08-22
3457,2,758,Saints Bride,2.99,11.99,Drama,2,6.98,2005-08-17
866,2,190,Creepers Kane,4.99,23.99,Classics,2,9.98,2005-08-22
1161,2,256,Drop Waterfront,4.99,20.99,Sports,2,9.98,2005-08-21
862,2,189,Creatures Shakespeare,0.99,23.99,Games,2,4.98,2005-08-21
4340,2,945,Virginian Pluto,0.99,22.99,Documentary,2,5.98,2005-08-19
4031,2,878,Teen Apollo,4.99,25.99,Travel,2,10.98,2005-08-21
1587,2,348,Gandhi Kwai,0.99,9.99,Family,2,2.98,2005-08-22
973,2,216,Day Unfaithful,4.99,16.99,New,2,14.98,2006-02-14
437,1,97,Bride Intrigue,0.99,24.99,Action,2,1.98,2005-08-21
127,1,25,Angels Life,2.99,15.99,New,2,15.98,2005-08-18
1125,2,249,Dracula Crystal,0.99,26.99,Classics,2,1.98,2005-08-18
455,2,100,Brooklyn Desert,4.99,21.99,Foreign,2,11.98,2005-08-22
3296,2,725,Requiem Tycoon,4.99,25.99,Classics,2,10.98,2005-08-19
904,2,200,Curtain Videotape,0.99,27.99,Games,2,4.98,2005-08-18
3287,1,724,Remember Diary,2.99,15.99,Family,2,5.98,2005-08-22
2733,2,599,Mother Oleander,0.99,20.99,Sports,2,7.98,2005-08-23
2563,1,562,Masked Bubble,0.99,12.99,Music,2,1.98,2005-08-19
4157,2,902,Trading Pinocchio,4.99,22.99,Sports,2,10.98,2005-08-20
1128,2,250,Dragon Squad,0.99,26.99,Action,2,2.98,2005-08-23
48,1,10,Aladdin Calendar,4.99,24.99,Sports,2,9.98,2005-08-21
3902,1,852,Strangelove Desire,0.99,27.99,Children,2,8.98,2005-08-19
1874,1,409,Heartbreakers Bright,4.99,9.99,Children,2,11.98,2005-08-17
2289,2,496,Kick Savannah,0.99,10.99,Travel,2,7.98,2005-08-19
3966,1,864,Sundance Invasion,0.99,21.99,Children,2,2.98,2006-02-14
3031,1,665,Patton Interview,2.99,22.99,Horror,2,6.98,2005-08-19
3335,2,733,River Outlaw,0.99,29.99,Sports,2,7.98,2005-08-23
4159,2,903,Traffic Hobbit,4.99,13.99,Travel,2,9.98,2005-08-18
74,2,15,Alien Center,2.99,10.99,Foreign,2,8.98,2005-08-23
93,1,19,Amadeus Holy,0.99,20.99,Action,2,1.98,2005-08-18
3082,2,677,Pianist Outfield,0.99,25.99,New,2,6.97,2006-02-14
1996,2,434,Horror Reign,0.99,25.99,Travel,2,5.98,2005-08-23
2607,1,572,Metropolis Coma,2.99,9.99,Sci-Fi,2,13.98,2005-08-22
366,1,80,Blanket Beverly,2.99,21.99,Family,2,7.98,2005-08-22
2893,1,636,Oleander Clue,0.99,12.99,Music,2,3.98,2005-08-18
567,1,123,Casablanca Super,4.99,22.99,Travel,2,10.98,2005-08-17
2455,1,536,Lovely Jingle,2.99,18.99,Classics,2,10.98,2006-02-14
2172,2,468,Invasion Cyclone,2.99,12.99,Children,2,8.98,2005-08-21
1180,1,263,Durham Panky,4.99,14.99,Sports,2,9.98,2005-08-20
1034,2,231,Dinosaur Secretary,2.99,27.99,Family,2,5.98,2005-08-17
2178,1,471,Island Exorcist,2.99,23.99,Classics,2,5.98,2005-08-21
1931,1,420,Holes Brannigan,4.99,27.99,Sports,2,9.98,2005-08-17
1397,1,306,Feathers Metal,0.99,12.99,Games,2,3.98,2005-08-21
3831,2,839,Stallion Sundance,0.99,23.99,Sci-Fi,2,1.98,2005-08-19
505,2,112,Calendar Gunfight,4.99,22.99,Foreign,2,11.98,2005-08-20
2804,1,616,National Story,2.99,19.99,Documentary,2,5.98,2005-08-19
710,1,155,Cleopatra Devil,0.99,26.99,New,2,3.98,2005-08-19
660,1,143,Chill Luck,0.99,17.99,Drama,2,1.98,2005-08-20
4040,1,880,Telemark Heartbreakers,2.99,9.99,Animation,2,6.98,2005-07-29
3351,1,736,Robbery Bright,0.99,21.99,Family,2,7.98,2005-08-18
3214,2,706,Queen Luke,4.99,22.99,Drama,2,9.98,2005-08-20
920,2,204,Dalmations Sweden,0.99,25.99,Drama,2,1.98,2005-08-20
2521,1,554,Malkovich Pet,2.99,22.99,Classics,2,5.98,2005-08-20
2046,2,444,Hustler Party,4.99,22.99,Comedy,2,18.98,2005-08-22
2543,2,557,Manchurian Curtain,2.99,27.99,Family,2,8.98,2005-08-18
2158,1,467,Intrigue Worst,0.99,10.99,Foreign,2,1.98,2006-02-14
3818,2,835,Spy Mile,2.99,13.99,Games,2,5.98,2005-08-19
4345,1,947,Vision Torque,0.99,16.99,Foreign,2,1.98,2005-08-17
4273,1,930,Vacation Boondock,2.99,23.99,Sci-Fi,2,9.98,2005-08-19
564,2,122,Carrie Bunch,0.99,11.99,Horror,2,1.98,2005-08-21
1074,2,239,Dogma Family,4.99,16.99,Animation,2,10.98,2005-08-17
1134,2,251,Dragonfly Strangers,4.99,19.99,New,2,15.98,2005-08-20
2924,1,643,Orient Closer,2.99,22.99,Drama,2,12.98,2005-08-22
976,1,218,Deceiver Betrayed,0.99,22.99,Drama,2,2.98,2005-08-19
985,1,220,Deer Virginian,2.99,13.99,Music,2,6.98,2005-08-19
1011,1,227,Details Packer,4.99,17.99,Games,2,12.98,2005-08-19
2915,1,641,Orange Grapes,0.99,21.99,Foreign,2,1.98,2005-08-22
968,2,215,Dawn Pond,4.99,27.99,Games,2,14.98,2005-08-20
832,1,182,Control Anthem,4.99,9.99,Comedy,2,9.98,2005-08-22
3729,1,815,Snatchers Montezuma,2.99,14.99,Classics,2,6.98,2005-08-18
2222,1,481,Jekyll Frogmen,2.99,22.99,New,2,5.98,2005-08-19
1487,2,326,Flying Hook,2.99,18.99,Animation,2,6.98,2005-08-17
3934,2,857,Strictly Scarface,2.99,24.99,Comedy,2,13.98,2005-08-17
3752,2,820,Sons Interview,2.99,11.99,Animation,2,12.98,2005-08-21
2369,2,516,Legend Jedi,0.99,18.99,Music,2,1.98,2005-08-21
2541,2,557,Manchurian Curtain,2.99,27.99,Family,2,5.98,2005-08-21
3038,2,666,Paycheck Wait,4.99,27.99,Drama,2,10.98,2005-08-23
509,2,113,California Birds,4.99,19.99,Sports,2,12.98,2005-08-20
3337,1,734,Road Roxanne,4.99,12.99,Documentary,2,10.98,2005-08-17
2116,2,458,Indian Love,0.99,26.99,Family,2,8.98,2005-08-23
1248,2,275,Egypt Tenenbaums,0.99,11.99,Horror,2,8.98,2005-08-16
1809,2,392,Hall Cassidy,4.99,13.99,Children,2,9.98,2005-08-22
2940,2,645,Others Soup,2.99,18.99,Travel,2,7.98,2005-08-20
3869,1,846,Sting Personal,4.99,9.99,New,2,18.98,2005-08-23
767,1,167,Coma Head,4.99,10.99,Travel,2,9.98,2005-08-22
11,2,2,Ace Goldfinger,4.99,12.99,Horror,2,17.98,2005-08-17
4205,2,914,Trouble Date,2.99,13.99,Travel,2,5.98,2005-08-21
543,2,118,Canyon Stock,0.99,26.99,Animation,2,1.98,2005-08-20
1908,2,415,High Encino,2.99,23.99,Horror,2,9.98,2005-08-21
4300,1,937,Varsity Trip,2.99,14.99,New,2,5.98,2005-08-19
2658,1,583,Mission Zoolander,4.99,26.99,Animation,2,14.98,2005-08-22
28,1,6,Agent Truman,2.99,17.99,Foreign,2,11.98,2005-08-20
3401,1,746,Rouge Squad,0.99,10.99,Games,2,7.98,2005-08-19
524,2,115,Campus Remember,2.99,27.99,Action,2,6.98,2005-08-22
1752,1,381,Grinch Massage,4.99,25.99,Games,2,9.98,2005-08-20
1802,2,391,Half Outfield,2.99,25.99,Family,2,7.98,2005-08-18
2535,2,556,Maltese Hope,4.99,26.99,Games,2,11.98,2005-08-21
1117,2,247,Downhill Enough,0.99,19.99,Comedy,2,8.98,2005-08-19
4051,2,881,Temple Attraction,4.99,13.99,Horror,2,9.98,2005-08-19
422,2,92,Bowfinger Gables,4.99,19.99,Horror,2,9.98,2005-08-18
972,2,216,Day Unfaithful,4.99,16.99,New,2,12.98,2005-08-19
2000,1,436,Hours Rage,0.99,14.99,New,2,12.98,2005-08-18
3208,1,705,Purple Movie,2.99,9.99,Foreign,2,5.98,2005-08-22
838,2,183,Conversation Downhill,4.99,14.99,Family,2,13.98,2005-08-22
2660,2,583,Mission Zoolander,4.99,26.99,Animation,2,14.98,2005-08-21
3002,2,658,Paris Weekend,2.99,19.99,Horror,2,5.98,2005-08-21
1965,2,428,Homicide Peach,2.99,21.99,Family,2,5.98,2005-08-21
3073,2,676,Philadelphia Wife,4.99,16.99,Sports,2,10.98,2005-08-18
3589,1,785,Shawshank Bubble,4.99,20.99,Travel,2,9.98,2005-08-17
3663,2,800,Sinners Atlantis,2.99,19.99,Horror,2,5.98,2005-08-20
3557,2,777,Secretary Rouge,4.99,10.99,Sports,2,13.98,2005-08-22
2355,2,512,League Hellfighters,4.99,25.99,Classics,2,16.98,2005-08-21
2115,2,458,Indian Love,0.99,26.99,Family,2,4.98,2005-08-17
1217,2,270,Earth Vision,0.99,29.99,New,2,1.98,2005-08-22
2133,2,461,Insects Stone,0.99,14.99,Animation,2,4.97,2006-02-14
812,2,176,Congeniality Quest,0.99,21.99,Sports,2,4.98,2005-08-18
1506,2,329,Forrest Sons,2.99,15.99,Action,2,7.98,2005-08-23
4426,2,967,Weekend Personal,2.99,26.99,Sci-Fi,2,5.98,2005-08-20
